Epoch,1,train loss,6748904.7285,train acc,29.06,val loss,61446.4219,val acc,32.35,best val acc,0.000
Epoch,2,train loss,373742.2260,train acc,25.64,val loss,29480.5410,val acc,32.35,best val acc,32.353
Epoch,3,train loss,24617.5627,train acc,22.22,val loss,23973.3203,val acc,32.35,best val acc,32.353
Epoch,4,train loss,16027.0802,train acc,26.50,val loss,35468.3477,val acc,14.71,best val acc,32.353
Epoch,5,train loss,38477.1477,train acc,23.93,val loss,46467.2695,val acc,32.35,best val acc,32.353
Epoch,6,train loss,40161.7187,train acc,32.48,val loss,52682.7891,val acc,2.94,best val acc,32.353
Epoch,7,train loss,41825.0581,train acc,9.40,val loss,42967.2852,val acc,32.35,best val acc,32.353
Epoch,8,train loss,32256.9683,train acc,31.62,val loss,20635.8438,val acc,17.65,best val acc,32.353
Epoch,9,train loss,16008.1812,train acc,17.95,val loss,13335.7402,val acc,29.41,best val acc,32.353
Epoch,10,train loss,14261.4695,train acc,30.77,val loss,21919.8281,val acc,17.65,best val acc,32.353
Epoch,11,train loss,18812.1300,train acc,27.35,val loss,10195.6348,val acc,32.35,best val acc,32.353
Epoch,12,train loss,8961.2533,train acc,30.77,val loss,15837.9062,val acc,14.71,best val acc,32.353
Epoch,13,train loss,13604.9686,train acc,18.80,val loss,9975.8594,val acc,14.71,best val acc,32.353
Epoch,14,train loss,8837.4412,train acc,21.37,val loss,18315.5449,val acc,17.65,best val acc,32.353
Epoch,15,train loss,16001.1358,train acc,18.80,val loss,11632.0615,val acc,17.65,best val acc,32.353
Epoch,16,train loss,11316.2574,train acc,21.37,val loss,6927.8755,val acc,32.35,best val acc,32.353
Epoch,17,train loss,2977.1040,train acc,30.77,val loss,4249.2017,val acc,32.35,best val acc,32.353
Epoch,18,train loss,3456.4305,train acc,23.08,val loss,3697.6970,val acc,5.88,best val acc,32.353
Epoch,19,train loss,3823.8290,train acc,13.68,val loss,3195.9265,val acc,17.65,best val acc,32.353
Epoch,20,train loss,2385.8360,train acc,18.80,val loss,2403.0918,val acc,32.35,best val acc,32.353
Epoch,21,train loss,2009.8344,train acc,30.77,val loss,2239.3691,val acc,17.65,best val acc,32.353
Epoch,22,train loss,1867.2170,train acc,16.24,val loss,1732.4541,val acc,17.65,best val acc,32.353
Epoch,23,train loss,1768.1517,train acc,31.62,val loss,902.7933,val acc,32.35,best val acc,32.353
Epoch,24,train loss,909.3428,train acc,27.35,val loss,2111.3330,val acc,32.35,best val acc,32.353
Epoch,25,train loss,1836.0625,train acc,29.91,val loss,2484.0254,val acc,17.65,best val acc,32.353
Epoch,26,train loss,1600.7932,train acc,18.80,val loss,41753.9805,val acc,32.35,best val acc,32.353
Epoch,27,train loss,29222.7057,train acc,28.21,val loss,13504.7734,val acc,14.71,best val acc,32.353
Epoch,28,train loss,11214.1623,train acc,17.09,val loss,16135.2607,val acc,17.65,best val acc,32.353
Epoch,29,train loss,15655.5131,train acc,23.93,val loss,12076.6240,val acc,17.65,best val acc,32.353
Epoch,30,train loss,16439.1969,train acc,24.79,val loss,8077.8013,val acc,32.35,best val acc,32.353
Epoch,31,train loss,9212.2328,train acc,29.91,val loss,26507.0039,val acc,32.35,best val acc,32.353
Epoch,32,train loss,23629.5826,train acc,23.93,val loss,14589.0469,val acc,14.71,best val acc,32.353
Epoch,33,train loss,10576.4887,train acc,19.66,val loss,16237.9082,val acc,17.65,best val acc,32.353
Epoch,34,train loss,14515.6943,train acc,19.66,val loss,11791.3398,val acc,2.94,best val acc,32.353
Epoch,35,train loss,11146.3816,train acc,11.97,val loss,9781.7578,val acc,32.35,best val acc,32.353
Epoch,36,train loss,8377.2633,train acc,31.62,val loss,10099.0967,val acc,32.35,best val acc,32.353
Epoch,37,train loss,8430.9517,train acc,31.62,val loss,12752.2119,val acc,17.65,best val acc,32.353
Epoch,38,train loss,12213.8856,train acc,18.80,val loss,13146.5146,val acc,17.65,best val acc,32.353
Epoch,39,train loss,17563.4257,train acc,15.38,val loss,12778.8047,val acc,14.71,best val acc,32.353
Epoch,40,train loss,10780.6897,train acc,14.53,val loss,10111.8115,val acc,17.65,best val acc,32.353
Epoch,41,train loss,7951.3355,train acc,18.80,val loss,3596.1465,val acc,17.65,best val acc,32.353
Epoch,42,train loss,4267.9638,train acc,27.35,val loss,9425.1963,val acc,32.35,best val acc,32.353
Epoch,43,train loss,8095.4947,train acc,27.35,val loss,10631.3594,val acc,32.35,best val acc,32.353
Epoch,44,train loss,8605.8574,train acc,33.33,val loss,8297.3984,val acc,32.35,best val acc,32.353
Epoch,45,train loss,6132.4276,train acc,35.90,val loss,4510.1729,val acc,32.35,best val acc,32.353
Epoch,46,train loss,2513.1161,train acc,22.22,val loss,2884.1667,val acc,17.65,best val acc,32.353
Epoch,47,train loss,2421.5551,train acc,18.80,val loss,3876.7720,val acc,17.65,best val acc,32.353
Epoch,48,train loss,3267.1512,train acc,17.95,val loss,4772.3706,val acc,14.71,best val acc,32.353
Epoch,49,train loss,3556.7843,train acc,17.09,val loss,4059.1619,val acc,17.65,best val acc,32.353
Epoch,50,train loss,3334.4307,train acc,18.80,val loss,3428.9094,val acc,17.65,best val acc,32.353
Epoch,51,train loss,2550.1186,train acc,18.80,val loss,1955.5906,val acc,17.65,best val acc,32.353
Epoch,52,train loss,1172.6344,train acc,28.21,val loss,1859.6865,val acc,32.35,best val acc,32.353
Epoch,53,train loss,1400.7400,train acc,29.91,val loss,2740.4722,val acc,32.35,best val acc,32.353
Epoch,54,train loss,1988.6716,train acc,31.62,val loss,2692.8879,val acc,32.35,best val acc,32.353
Epoch,55,train loss,1753.9625,train acc,31.62,val loss,1544.2349,val acc,32.35,best val acc,32.353
Epoch,56,train loss,1071.5425,train acc,24.79,val loss,1681.2534,val acc,14.71,best val acc,32.353
Epoch,57,train loss,957.1023,train acc,17.95,val loss,859.0930,val acc,8.82,best val acc,32.353
Epoch,58,train loss,665.6838,train acc,19.66,val loss,1154.3506,val acc,17.65,best val acc,32.353
Epoch,59,train loss,906.1212,train acc,19.66,val loss,1034.7106,val acc,8.82,best val acc,32.353
Epoch,60,train loss,756.0111,train acc,25.64,val loss,978.0973,val acc,29.41,best val acc,32.353
Epoch,61,train loss,525.2578,train acc,39.32,val loss,929.0617,val acc,32.35,best val acc,32.353
Epoch,62,train loss,631.0233,train acc,28.21,val loss,715.2375,val acc,32.35,best val acc,32.353
Epoch,63,train loss,528.1068,train acc,26.50,val loss,901.6426,val acc,29.41,best val acc,32.353
Epoch,64,train loss,489.9251,train acc,32.48,val loss,574.2361,val acc,11.76,best val acc,32.353
Epoch,65,train loss,328.8539,train acc,19.66,val loss,688.2568,val acc,17.65,best val acc,32.353
Epoch,66,train loss,419.5890,train acc,18.80,val loss,642.5496,val acc,29.41,best val acc,32.353
Epoch,67,train loss,359.7015,train acc,23.93,val loss,585.4009,val acc,32.35,best val acc,32.353
Epoch,68,train loss,311.5497,train acc,19.66,val loss,744.7117,val acc,29.41,best val acc,32.353
Epoch,69,train loss,398.8633,train acc,29.06,val loss,598.9969,val acc,17.65,best val acc,32.353
Epoch,70,train loss,387.9142,train acc,20.51,val loss,537.6807,val acc,29.41,best val acc,32.353
Epoch,71,train loss,309.3265,train acc,32.48,val loss,571.1672,val acc,29.41,best val acc,32.353
Epoch,72,train loss,224.0472,train acc,29.91,val loss,343.1028,val acc,17.65,best val acc,32.353
Epoch,73,train loss,140.1513,train acc,25.64,val loss,329.9895,val acc,23.53,best val acc,32.353
Epoch,74,train loss,148.8354,train acc,31.62,val loss,446.6393,val acc,32.35,best val acc,32.353
Epoch,75,train loss,211.8294,train acc,33.33,val loss,444.3390,val acc,29.41,best val acc,32.353
Epoch,76,train loss,169.4659,train acc,30.77,val loss,376.3171,val acc,11.76,best val acc,32.353
Epoch,77,train loss,210.5702,train acc,17.95,val loss,388.8439,val acc,14.71,best val acc,32.353
Epoch,78,train loss,184.9368,train acc,17.09,val loss,292.1547,val acc,29.41,best val acc,32.353
Epoch,79,train loss,122.1028,train acc,33.33,val loss,581.8500,val acc,29.41,best val acc,32.353
Epoch,80,train loss,301.5057,train acc,33.33,val loss,314.4061,val acc,20.59,best val acc,32.353
Epoch,81,train loss,202.9833,train acc,32.48,val loss,449.2342,val acc,17.65,best val acc,32.353
Epoch,82,train loss,300.3843,train acc,16.24,val loss,459.3411,val acc,14.71,best val acc,32.353
Epoch,83,train loss,256.4152,train acc,19.66,val loss,330.1389,val acc,17.65,best val acc,32.353
Epoch,84,train loss,165.4878,train acc,19.66,val loss,507.3004,val acc,29.41,best val acc,32.353
Epoch,85,train loss,242.7080,train acc,33.33,val loss,619.6652,val acc,32.35,best val acc,32.353
Epoch,86,train loss,385.7560,train acc,31.62,val loss,482.1507,val acc,29.41,best val acc,32.353
Epoch,87,train loss,251.7447,train acc,29.06,val loss,335.3738,val acc,14.71,best val acc,32.353
Epoch,88,train loss,201.3991,train acc,20.51,val loss,564.4824,val acc,29.41,best val acc,32.353
Epoch,89,train loss,317.6608,train acc,33.33,val loss,331.2032,val acc,14.71,best val acc,32.353
Epoch,90,train loss,172.1226,train acc,22.22,val loss,339.7708,val acc,5.88,best val acc,32.353
Epoch,91,train loss,193.5758,train acc,11.97,val loss,409.2076,val acc,29.41,best val acc,32.353
Epoch,92,train loss,226.9993,train acc,33.33,val loss,376.6221,val acc,14.71,best val acc,32.353
Epoch,93,train loss,157.8536,train acc,20.51,val loss,385.8093,val acc,29.41,best val acc,32.353
Epoch,94,train loss,184.3001,train acc,34.19,val loss,273.7594,val acc,14.71,best val acc,32.353
Epoch,95,train loss,188.9249,train acc,19.66,val loss,336.1088,val acc,14.71,best val acc,32.353
Epoch,96,train loss,237.5151,train acc,24.79,val loss,350.0539,val acc,29.41,best val acc,32.353
Epoch,97,train loss,198.3604,train acc,24.79,val loss,259.4167,val acc,14.71,best val acc,32.353
Epoch,98,train loss,154.4048,train acc,29.91,val loss,355.6365,val acc,29.41,best val acc,32.353
Epoch,99,train loss,140.6033,train acc,34.19,val loss,273.8021,val acc,29.41,best val acc,32.353
Epoch,100,train loss,102.8317,train acc,34.19,val loss,178.3776,val acc,11.76,best val acc,32.353
Epoch,101,train loss,64.3639,train acc,18.80,val loss,186.1837,val acc,23.53,best val acc,32.353
Epoch,102,train loss,65.5778,train acc,32.48,val loss,190.1075,val acc,23.53,best val acc,32.353
Epoch,103,train loss,61.3167,train acc,31.62,val loss,189.2375,val acc,17.65,best val acc,32.353
Epoch,104,train loss,53.3495,train acc,29.06,val loss,194.1591,val acc,23.53,best val acc,32.353
Epoch,105,train loss,49.3476,train acc,35.90,val loss,191.9995,val acc,23.53,best val acc,32.353
Epoch,106,train loss,39.8351,train acc,35.04,val loss,190.3895,val acc,29.41,best val acc,32.353
Epoch,107,train loss,44.6190,train acc,34.19,val loss,201.2605,val acc,29.41,best val acc,32.353
Epoch,108,train loss,48.5791,train acc,35.04,val loss,191.1217,val acc,29.41,best val acc,32.353
Epoch,109,train loss,41.0357,train acc,35.04,val loss,186.6023,val acc,29.41,best val acc,32.353
Epoch,110,train loss,38.1817,train acc,35.90,val loss,181.2567,val acc,23.53,best val acc,32.353
Epoch,111,train loss,38.2392,train acc,34.19,val loss,175.0645,val acc,20.59,best val acc,32.353
Epoch,112,train loss,40.1348,train acc,25.64,val loss,176.2604,val acc,23.53,best val acc,32.353
Epoch,113,train loss,38.5221,train acc,34.19,val loss,178.1587,val acc,26.47,best val acc,32.353
Epoch,114,train loss,35.6213,train acc,36.75,val loss,183.1564,val acc,23.53,best val acc,32.353
Epoch,115,train loss,35.2620,train acc,34.19,val loss,177.0885,val acc,29.41,best val acc,32.353
Epoch,116,train loss,33.8704,train acc,38.46,val loss,176.3494,val acc,23.53,best val acc,32.353
Epoch,117,train loss,34.0392,train acc,35.04,val loss,177.8061,val acc,23.53,best val acc,32.353
Epoch,118,train loss,33.8162,train acc,34.19,val loss,177.5451,val acc,23.53,best val acc,32.353
Epoch,119,train loss,32.8808,train acc,35.90,val loss,181.8828,val acc,23.53,best val acc,32.353
Epoch,120,train loss,33.4183,train acc,35.90,val loss,178.5895,val acc,26.47,best val acc,32.353
Epoch,121,train loss,33.2852,train acc,34.19,val loss,176.2531,val acc,29.41,best val acc,32.353
Epoch,122,train loss,33.1458,train acc,38.46,val loss,176.3687,val acc,29.41,best val acc,32.353
Epoch,123,train loss,32.8652,train acc,39.32,val loss,175.6951,val acc,23.53,best val acc,32.353
Epoch,124,train loss,32.4109,train acc,36.75,val loss,179.0401,val acc,26.47,best val acc,32.353
Epoch,125,train loss,33.5303,train acc,33.33,val loss,179.7996,val acc,26.47,best val acc,32.353
Epoch,126,train loss,32.2424,train acc,38.46,val loss,174.3344,val acc,23.53,best val acc,32.353
Epoch,127,train loss,34.9021,train acc,35.04,val loss,174.3581,val acc,23.53,best val acc,32.353
Epoch,128,train loss,33.7958,train acc,32.48,val loss,180.9346,val acc,23.53,best val acc,32.353
Epoch,129,train loss,33.5728,train acc,33.33,val loss,175.6080,val acc,26.47,best val acc,32.353
Epoch,130,train loss,32.9959,train acc,34.19,val loss,173.6581,val acc,26.47,best val acc,32.353
Epoch,131,train loss,32.1340,train acc,39.32,val loss,177.5331,val acc,26.47,best val acc,32.353
Epoch,132,train loss,31.9384,train acc,42.74,val loss,173.7408,val acc,23.53,best val acc,32.353
Epoch,133,train loss,32.1633,train acc,36.75,val loss,176.6941,val acc,26.47,best val acc,32.353
Epoch,134,train loss,31.5622,train acc,35.90,val loss,177.1281,val acc,26.47,best val acc,32.353
Epoch,135,train loss,31.8040,train acc,37.61,val loss,175.4550,val acc,23.53,best val acc,32.353
Epoch,136,train loss,32.0722,train acc,35.90,val loss,174.6902,val acc,32.35,best val acc,32.353
Epoch,137,train loss,31.6697,train acc,35.04,val loss,174.6436,val acc,29.41,best val acc,32.353
Epoch,138,train loss,31.1993,train acc,36.75,val loss,176.9618,val acc,26.47,best val acc,32.353
Epoch,139,train loss,33.2857,train acc,32.48,val loss,176.3649,val acc,26.47,best val acc,32.353
Epoch,140,train loss,32.3202,train acc,36.75,val loss,174.4713,val acc,32.35,best val acc,32.353
Epoch,141,train loss,32.0296,train acc,41.88,val loss,172.0659,val acc,29.41,best val acc,32.353
Epoch,142,train loss,32.4335,train acc,35.90,val loss,174.3790,val acc,26.47,best val acc,32.353
Epoch,143,train loss,32.2698,train acc,37.61,val loss,175.7537,val acc,23.53,best val acc,32.353
Epoch,144,train loss,31.1480,train acc,29.06,val loss,172.6212,val acc,23.53,best val acc,32.353
Epoch,145,train loss,32.1104,train acc,34.19,val loss,175.6939,val acc,23.53,best val acc,32.353
Epoch,146,train loss,31.8187,train acc,35.90,val loss,175.3117,val acc,32.35,best val acc,32.353
Epoch,147,train loss,31.4916,train acc,33.33,val loss,174.4119,val acc,23.53,best val acc,32.353
Epoch,148,train loss,32.4652,train acc,30.77,val loss,176.6172,val acc,23.53,best val acc,32.353
Epoch,149,train loss,33.0535,train acc,34.19,val loss,175.2251,val acc,29.41,best val acc,32.353
Epoch,150,train loss,32.6265,train acc,40.17,val loss,171.4894,val acc,26.47,best val acc,32.353
Epoch,151,train loss,31.3420,train acc,34.19,val loss,176.5997,val acc,23.53,best val acc,32.353
Epoch,152,train loss,32.8351,train acc,34.19,val loss,177.5118,val acc,26.47,best val acc,32.353
Epoch,153,train loss,33.8082,train acc,33.33,val loss,173.2808,val acc,32.35,best val acc,32.353
Epoch,154,train loss,33.8158,train acc,37.61,val loss,171.8455,val acc,17.65,best val acc,32.353
Epoch,155,train loss,34.2775,train acc,29.06,val loss,173.2992,val acc,20.59,best val acc,32.353
Epoch,156,train loss,34.2180,train acc,30.77,val loss,172.3188,val acc,23.53,best val acc,32.353
Epoch,157,train loss,34.0928,train acc,33.33,val loss,174.6421,val acc,23.53,best val acc,32.353
Epoch,158,train loss,33.4495,train acc,32.48,val loss,175.7433,val acc,26.47,best val acc,32.353
Epoch,159,train loss,31.5515,train acc,31.62,val loss,172.2565,val acc,23.53,best val acc,32.353
Epoch,160,train loss,33.4755,train acc,35.04,val loss,169.0618,val acc,32.35,best val acc,32.353
Epoch,161,train loss,31.7879,train acc,42.74,val loss,176.3309,val acc,23.53,best val acc,32.353
Epoch,162,train loss,32.0813,train acc,34.19,val loss,171.5452,val acc,23.53,best val acc,32.353
Epoch,163,train loss,30.8700,train acc,35.90,val loss,171.7823,val acc,23.53,best val acc,32.353
Epoch,164,train loss,31.2012,train acc,35.04,val loss,174.1248,val acc,23.53,best val acc,32.353
Epoch,165,train loss,31.2198,train acc,35.04,val loss,171.0949,val acc,26.47,best val acc,32.353
Epoch,166,train loss,32.6488,train acc,34.19,val loss,170.2821,val acc,29.41,best val acc,32.353
Epoch,167,train loss,30.1541,train acc,37.61,val loss,179.9559,val acc,26.47,best val acc,32.353
Epoch,168,train loss,32.7508,train acc,33.33,val loss,169.8236,val acc,23.53,best val acc,32.353
Epoch,169,train loss,33.0586,train acc,34.19,val loss,170.8828,val acc,26.47,best val acc,32.353
Epoch,170,train loss,32.6484,train acc,35.90,val loss,173.1146,val acc,32.35,best val acc,32.353
Epoch,171,train loss,31.7740,train acc,38.46,val loss,179.4051,val acc,26.47,best val acc,32.353
Epoch,172,train loss,33.3245,train acc,34.19,val loss,172.3098,val acc,23.53,best val acc,32.353
Epoch,173,train loss,34.7602,train acc,36.75,val loss,173.3597,val acc,23.53,best val acc,32.353
Epoch,174,train loss,33.5209,train acc,34.19,val loss,179.2025,val acc,26.47,best val acc,32.353
Epoch,175,train loss,33.5583,train acc,35.90,val loss,173.9243,val acc,26.47,best val acc,32.353
Epoch,176,train loss,31.0928,train acc,34.19,val loss,173.6458,val acc,26.47,best val acc,32.353
Epoch,177,train loss,31.3122,train acc,35.04,val loss,171.6562,val acc,29.41,best val acc,32.353
Epoch,178,train loss,32.8370,train acc,35.90,val loss,167.8002,val acc,17.65,best val acc,32.353
Epoch,179,train loss,33.2231,train acc,23.08,val loss,167.8275,val acc,23.53,best val acc,32.353
Epoch,180,train loss,30.7702,train acc,32.48,val loss,178.5791,val acc,26.47,best val acc,32.353
Epoch,181,train loss,32.0279,train acc,32.48,val loss,177.5546,val acc,26.47,best val acc,32.353
Epoch,182,train loss,34.9081,train acc,34.19,val loss,171.6184,val acc,29.41,best val acc,32.353
Epoch,183,train loss,33.7858,train acc,35.90,val loss,170.1854,val acc,20.59,best val acc,32.353
Epoch,184,train loss,34.3132,train acc,29.06,val loss,172.5491,val acc,17.65,best val acc,32.353
Epoch,185,train loss,36.1047,train acc,33.33,val loss,169.7948,val acc,23.53,best val acc,32.353
Epoch,186,train loss,32.4722,train acc,30.77,val loss,173.0205,val acc,29.41,best val acc,32.353
Epoch,187,train loss,33.8457,train acc,35.90,val loss,175.1835,val acc,29.41,best val acc,32.353
Epoch,188,train loss,32.6125,train acc,31.62,val loss,174.2941,val acc,32.35,best val acc,32.353
Epoch,189,train loss,30.9784,train acc,40.17,val loss,165.1250,val acc,17.65,best val acc,32.353
Epoch,190,train loss,32.3220,train acc,28.21,val loss,166.8239,val acc,23.53,best val acc,32.353
Epoch,191,train loss,31.3256,train acc,34.19,val loss,176.6402,val acc,29.41,best val acc,32.353
Epoch,192,train loss,32.3530,train acc,34.19,val loss,170.5145,val acc,26.47,best val acc,32.353
Epoch,193,train loss,34.5140,train acc,32.48,val loss,168.4278,val acc,32.35,best val acc,32.353
Epoch,194,train loss,34.5981,train acc,30.77,val loss,165.2826,val acc,26.47,best val acc,32.353
Epoch,195,train loss,34.1621,train acc,34.19,val loss,173.3665,val acc,23.53,best val acc,32.353
Epoch,196,train loss,34.0277,train acc,34.19,val loss,172.1385,val acc,23.53,best val acc,32.353
Epoch,197,train loss,29.3725,train acc,33.33,val loss,172.5881,val acc,26.47,best val acc,32.353
Epoch,198,train loss,32.1648,train acc,33.33,val loss,173.3954,val acc,29.41,best val acc,32.353
Epoch,199,train loss,29.6540,train acc,38.46,val loss,173.3207,val acc,26.47,best val acc,32.353
Epoch,200,train loss,29.1927,train acc,36.75,val loss,165.8526,val acc,23.53,best val acc,32.353
Epoch,201,train loss,31.0404,train acc,34.19,val loss,165.8220,val acc,23.53,best val acc,32.353
Epoch,202,train loss,30.5881,train acc,34.19,val loss,166.2320,val acc,23.53,best val acc,32.353
Epoch,203,train loss,29.4783,train acc,35.90,val loss,167.4437,val acc,23.53,best val acc,32.353
Epoch,204,train loss,28.8638,train acc,34.19,val loss,169.4198,val acc,23.53,best val acc,32.353
Epoch,205,train loss,29.0306,train acc,34.19,val loss,169.9372,val acc,23.53,best val acc,32.353
Epoch,206,train loss,28.6433,train acc,35.04,val loss,169.5332,val acc,23.53,best val acc,32.353
Epoch,207,train loss,27.8285,train acc,39.32,val loss,169.3185,val acc,29.41,best val acc,32.353
Epoch,208,train loss,28.2116,train acc,39.32,val loss,169.1832,val acc,29.41,best val acc,32.353
Epoch,209,train loss,28.3499,train acc,33.33,val loss,168.9521,val acc,26.47,best val acc,32.353
Epoch,210,train loss,27.7454,train acc,36.75,val loss,169.3781,val acc,23.53,best val acc,32.353
Epoch,211,train loss,27.3972,train acc,34.19,val loss,170.6818,val acc,23.53,best val acc,32.353
Epoch,212,train loss,27.7748,train acc,35.04,val loss,170.8734,val acc,23.53,best val acc,32.353
Epoch,213,train loss,27.6052,train acc,35.90,val loss,170.0050,val acc,23.53,best val acc,32.353
Epoch,214,train loss,27.6447,train acc,35.04,val loss,169.6590,val acc,23.53,best val acc,32.353
Epoch,215,train loss,27.4441,train acc,36.75,val loss,169.7149,val acc,26.47,best val acc,32.353
Epoch,216,train loss,27.2492,train acc,37.61,val loss,169.8883,val acc,26.47,best val acc,32.353
Epoch,217,train loss,27.4298,train acc,35.90,val loss,169.5443,val acc,23.53,best val acc,32.353
Epoch,218,train loss,27.3100,train acc,38.46,val loss,168.9188,val acc,26.47,best val acc,32.353
Epoch,219,train loss,27.2892,train acc,35.90,val loss,168.8495,val acc,26.47,best val acc,32.353
Epoch,220,train loss,27.2661,train acc,35.04,val loss,169.2664,val acc,23.53,best val acc,32.353
Epoch,221,train loss,27.2111,train acc,37.61,val loss,169.5231,val acc,23.53,best val acc,32.353
Epoch,222,train loss,27.2025,train acc,35.90,val loss,169.5032,val acc,26.47,best val acc,32.353
Epoch,223,train loss,27.1496,train acc,35.04,val loss,169.7559,val acc,23.53,best val acc,32.353
Epoch,224,train loss,27.1220,train acc,38.46,val loss,169.9603,val acc,23.53,best val acc,32.353
Epoch,225,train loss,27.1314,train acc,37.61,val loss,170.1398,val acc,23.53,best val acc,32.353
Epoch,226,train loss,27.1113,train acc,35.90,val loss,169.8291,val acc,26.47,best val acc,32.353
Epoch,227,train loss,27.0972,train acc,36.75,val loss,169.6864,val acc,26.47,best val acc,32.353
Epoch,228,train loss,27.0883,train acc,36.75,val loss,169.6527,val acc,26.47,best val acc,32.353
Epoch,229,train loss,27.0888,train acc,36.75,val loss,169.5218,val acc,26.47,best val acc,32.353
Epoch,230,train loss,27.1417,train acc,36.75,val loss,169.4545,val acc,26.47,best val acc,32.353
Epoch,231,train loss,27.1405,train acc,32.48,val loss,169.6961,val acc,26.47,best val acc,32.353
Epoch,232,train loss,27.0930,train acc,38.46,val loss,169.4588,val acc,26.47,best val acc,32.353
Epoch,233,train loss,27.0647,train acc,35.90,val loss,169.4612,val acc,26.47,best val acc,32.353
Epoch,234,train loss,27.0609,train acc,35.90,val loss,169.5693,val acc,26.47,best val acc,32.353
Epoch,235,train loss,27.0608,train acc,37.61,val loss,169.6830,val acc,26.47,best val acc,32.353
Epoch,236,train loss,27.0313,train acc,37.61,val loss,169.7495,val acc,26.47,best val acc,32.353
Epoch,237,train loss,27.0560,train acc,36.75,val loss,169.6480,val acc,26.47,best val acc,32.353
Epoch,238,train loss,27.0287,train acc,35.90,val loss,169.4983,val acc,23.53,best val acc,32.353
Epoch,239,train loss,27.0771,train acc,37.61,val loss,169.5408,val acc,26.47,best val acc,32.353
Epoch,240,train loss,27.0463,train acc,35.04,val loss,169.4821,val acc,26.47,best val acc,32.353
Epoch,241,train loss,27.0667,train acc,35.90,val loss,169.2953,val acc,26.47,best val acc,32.353
Epoch,242,train loss,27.0154,train acc,37.61,val loss,169.5453,val acc,26.47,best val acc,32.353
Epoch,243,train loss,27.0652,train acc,35.90,val loss,169.6165,val acc,26.47,best val acc,32.353
Epoch,244,train loss,27.0004,train acc,37.61,val loss,169.3830,val acc,23.53,best val acc,32.353
Epoch,245,train loss,27.0463,train acc,37.61,val loss,169.4735,val acc,23.53,best val acc,32.353
Epoch,246,train loss,27.0196,train acc,36.75,val loss,169.5414,val acc,26.47,best val acc,32.353
Epoch,247,train loss,27.0086,train acc,39.32,val loss,169.2261,val acc,26.47,best val acc,32.353
Epoch,248,train loss,27.0216,train acc,36.75,val loss,169.3699,val acc,26.47,best val acc,32.353
Epoch,249,train loss,26.9707,train acc,37.61,val loss,169.5265,val acc,26.47,best val acc,32.353
Epoch,250,train loss,27.0019,train acc,35.90,val loss,169.4432,val acc,26.47,best val acc,32.353
Epoch,251,train loss,26.9533,train acc,37.61,val loss,169.6709,val acc,23.53,best val acc,32.353
Epoch,252,train loss,26.9850,train acc,36.75,val loss,169.4752,val acc,26.47,best val acc,32.353
Epoch,253,train loss,26.9352,train acc,36.75,val loss,169.4508,val acc,23.53,best val acc,32.353
Epoch,254,train loss,26.9768,train acc,37.61,val loss,169.4999,val acc,26.47,best val acc,32.353
Epoch,255,train loss,26.9448,train acc,37.61,val loss,169.3831,val acc,26.47,best val acc,32.353
Epoch,256,train loss,26.9293,train acc,37.61,val loss,169.3935,val acc,26.47,best val acc,32.353
Epoch,257,train loss,26.9439,train acc,35.90,val loss,169.1885,val acc,26.47,best val acc,32.353
Epoch,258,train loss,26.9257,train acc,36.75,val loss,169.2092,val acc,26.47,best val acc,32.353
Epoch,259,train loss,26.9133,train acc,37.61,val loss,169.1429,val acc,26.47,best val acc,32.353
Epoch,260,train loss,26.9309,train acc,37.61,val loss,169.0965,val acc,26.47,best val acc,32.353
Epoch,261,train loss,26.9012,train acc,36.75,val loss,169.1245,val acc,26.47,best val acc,32.353
Epoch,262,train loss,26.8925,train acc,37.61,val loss,169.3781,val acc,26.47,best val acc,32.353
Epoch,263,train loss,26.8994,train acc,35.90,val loss,169.4981,val acc,23.53,best val acc,32.353
Epoch,264,train loss,26.9188,train acc,35.90,val loss,169.5190,val acc,23.53,best val acc,32.353
Epoch,265,train loss,26.9429,train acc,35.90,val loss,169.2736,val acc,23.53,best val acc,32.353
Epoch,266,train loss,26.9593,train acc,35.04,val loss,169.4710,val acc,23.53,best val acc,32.353
Epoch,267,train loss,26.9735,train acc,35.90,val loss,169.0396,val acc,26.47,best val acc,32.353
Epoch,268,train loss,26.8751,train acc,37.61,val loss,168.8798,val acc,26.47,best val acc,32.353
Epoch,269,train loss,26.8949,train acc,36.75,val loss,168.9578,val acc,26.47,best val acc,32.353
Epoch,270,train loss,26.8772,train acc,36.75,val loss,168.9710,val acc,26.47,best val acc,32.353
Epoch,271,train loss,26.8644,train acc,37.61,val loss,168.9822,val acc,26.47,best val acc,32.353
Epoch,272,train loss,26.8782,train acc,36.75,val loss,169.1676,val acc,26.47,best val acc,32.353
Epoch,273,train loss,26.8269,train acc,35.90,val loss,169.3622,val acc,23.53,best val acc,32.353
Epoch,274,train loss,26.8955,train acc,35.04,val loss,169.2654,val acc,23.53,best val acc,32.353
Epoch,275,train loss,26.8450,train acc,35.90,val loss,169.2363,val acc,23.53,best val acc,32.353
Epoch,276,train loss,26.8329,train acc,37.61,val loss,169.2879,val acc,26.47,best val acc,32.353
Epoch,277,train loss,26.8150,train acc,33.33,val loss,169.2156,val acc,26.47,best val acc,32.353
Epoch,278,train loss,26.8497,train acc,37.61,val loss,169.2096,val acc,26.47,best val acc,32.353
Epoch,279,train loss,26.8167,train acc,36.75,val loss,169.3031,val acc,23.53,best val acc,32.353
Epoch,280,train loss,26.8292,train acc,37.61,val loss,169.0433,val acc,26.47,best val acc,32.353
Epoch,281,train loss,26.8171,train acc,35.90,val loss,169.0692,val acc,26.47,best val acc,32.353
Epoch,282,train loss,26.8341,train acc,38.46,val loss,169.2894,val acc,23.53,best val acc,32.353
Epoch,283,train loss,26.8400,train acc,37.61,val loss,169.0582,val acc,26.47,best val acc,32.353
Epoch,284,train loss,26.7921,train acc,38.46,val loss,168.9264,val acc,23.53,best val acc,32.353
Epoch,285,train loss,26.8028,train acc,37.61,val loss,169.0806,val acc,26.47,best val acc,32.353
Epoch,286,train loss,26.7915,train acc,35.90,val loss,169.0697,val acc,26.47,best val acc,32.353
Epoch,287,train loss,26.7790,train acc,35.90,val loss,168.8681,val acc,23.53,best val acc,32.353
Epoch,288,train loss,26.8331,train acc,37.61,val loss,168.8743,val acc,26.47,best val acc,32.353
Epoch,289,train loss,26.7917,train acc,37.61,val loss,169.2562,val acc,23.53,best val acc,32.353
Epoch,290,train loss,26.9297,train acc,35.90,val loss,169.1769,val acc,23.53,best val acc,32.353
Epoch,291,train loss,26.8897,train acc,36.75,val loss,168.6792,val acc,23.53,best val acc,32.353
Epoch,292,train loss,26.9045,train acc,37.61,val loss,168.7456,val acc,26.47,best val acc,32.353
Epoch,293,train loss,26.7754,train acc,35.90,val loss,168.9993,val acc,26.47,best val acc,32.353
Epoch,294,train loss,26.8269,train acc,37.61,val loss,168.6465,val acc,26.47,best val acc,32.353
Epoch,295,train loss,26.7781,train acc,35.90,val loss,168.5297,val acc,26.47,best val acc,32.353
Epoch,296,train loss,26.7549,train acc,36.75,val loss,168.8042,val acc,26.47,best val acc,32.353
Epoch,297,train loss,26.7941,train acc,35.90,val loss,168.9232,val acc,26.47,best val acc,32.353
Epoch,298,train loss,26.7164,train acc,37.61,val loss,168.6216,val acc,26.47,best val acc,32.353
Epoch,299,train loss,26.8395,train acc,37.61,val loss,168.6399,val acc,23.53,best val acc,32.353
Epoch,300,train loss,26.7255,train acc,36.75,val loss,169.0935,val acc,23.53,best val acc,32.353
Epoch,301,train loss,26.7678,train acc,35.90,val loss,169.1142,val acc,23.53,best val acc,32.353
Epoch,302,train loss,26.7607,train acc,35.90,val loss,169.0569,val acc,26.47,best val acc,32.353
Epoch,303,train loss,26.7236,train acc,35.90,val loss,168.9799,val acc,26.47,best val acc,32.353
Epoch,304,train loss,26.7030,train acc,36.75,val loss,168.8638,val acc,26.47,best val acc,32.353
Epoch,305,train loss,26.6728,train acc,38.46,val loss,168.8015,val acc,26.47,best val acc,32.353
Epoch,306,train loss,26.6889,train acc,36.75,val loss,168.7733,val acc,26.47,best val acc,32.353
Epoch,307,train loss,26.6992,train acc,36.75,val loss,168.7825,val acc,26.47,best val acc,32.353
Epoch,308,train loss,26.6949,train acc,36.75,val loss,168.8162,val acc,26.47,best val acc,32.353
Epoch,309,train loss,26.6783,train acc,36.75,val loss,168.8577,val acc,26.47,best val acc,32.353
Epoch,310,train loss,26.6710,train acc,37.61,val loss,168.9127,val acc,26.47,best val acc,32.353
Epoch,311,train loss,26.6816,train acc,37.61,val loss,168.9501,val acc,26.47,best val acc,32.353
Epoch,312,train loss,26.6835,train acc,36.75,val loss,168.9480,val acc,26.47,best val acc,32.353
Epoch,313,train loss,26.6797,train acc,36.75,val loss,168.9336,val acc,26.47,best val acc,32.353
Epoch,314,train loss,26.6713,train acc,36.75,val loss,168.8942,val acc,26.47,best val acc,32.353
Epoch,315,train loss,26.6797,train acc,35.90,val loss,168.8499,val acc,26.47,best val acc,32.353
Epoch,316,train loss,26.6774,train acc,36.75,val loss,168.8399,val acc,26.47,best val acc,32.353
Epoch,317,train loss,26.6740,train acc,36.75,val loss,168.8496,val acc,26.47,best val acc,32.353
Epoch,318,train loss,26.6694,train acc,37.61,val loss,168.8780,val acc,26.47,best val acc,32.353
Epoch,319,train loss,26.6712,train acc,36.75,val loss,168.9050,val acc,26.47,best val acc,32.353
Epoch,320,train loss,26.6709,train acc,36.75,val loss,168.9051,val acc,26.47,best val acc,32.353
Epoch,321,train loss,26.6719,train acc,38.46,val loss,168.8823,val acc,26.47,best val acc,32.353
Epoch,322,train loss,26.6659,train acc,36.75,val loss,168.8647,val acc,26.47,best val acc,32.353
Epoch,323,train loss,26.6664,train acc,35.90,val loss,168.8452,val acc,26.47,best val acc,32.353
Epoch,324,train loss,26.6697,train acc,35.90,val loss,168.8361,val acc,26.47,best val acc,32.353
Epoch,325,train loss,26.6655,train acc,38.46,val loss,168.8585,val acc,26.47,best val acc,32.353
Epoch,326,train loss,26.6651,train acc,36.75,val loss,168.8755,val acc,26.47,best val acc,32.353
Epoch,327,train loss,26.6646,train acc,36.75,val loss,168.8844,val acc,26.47,best val acc,32.353
Epoch,328,train loss,26.6622,train acc,36.75,val loss,168.8757,val acc,26.47,best val acc,32.353
Epoch,329,train loss,26.6635,train acc,35.90,val loss,168.8589,val acc,26.47,best val acc,32.353
Epoch,330,train loss,26.6616,train acc,36.75,val loss,168.8639,val acc,26.47,best val acc,32.353
Epoch,331,train loss,26.6615,train acc,36.75,val loss,168.8589,val acc,26.47,best val acc,32.353
Epoch,332,train loss,26.6612,train acc,36.75,val loss,168.8687,val acc,26.47,best val acc,32.353
Epoch,333,train loss,26.6615,train acc,36.75,val loss,168.8700,val acc,26.47,best val acc,32.353
Epoch,334,train loss,26.6618,train acc,35.90,val loss,168.8890,val acc,26.47,best val acc,32.353
Epoch,335,train loss,26.6597,train acc,36.75,val loss,168.8894,val acc,26.47,best val acc,32.353
Epoch,336,train loss,26.6582,train acc,36.75,val loss,168.8842,val acc,26.47,best val acc,32.353
Epoch,337,train loss,26.6580,train acc,36.75,val loss,168.8734,val acc,26.47,best val acc,32.353
Epoch,338,train loss,26.6588,train acc,35.90,val loss,168.8612,val acc,26.47,best val acc,32.353
Epoch,339,train loss,26.6558,train acc,36.75,val loss,168.8618,val acc,26.47,best val acc,32.353
Epoch,340,train loss,26.6554,train acc,36.75,val loss,168.8671,val acc,26.47,best val acc,32.353
Epoch,341,train loss,26.6549,train acc,36.75,val loss,168.8811,val acc,26.47,best val acc,32.353
Epoch,342,train loss,26.6552,train acc,36.75,val loss,168.8831,val acc,26.47,best val acc,32.353
Epoch,343,train loss,26.6578,train acc,37.61,val loss,168.8783,val acc,26.47,best val acc,32.353
Epoch,344,train loss,26.6569,train acc,36.75,val loss,168.9007,val acc,26.47,best val acc,32.353
Epoch,345,train loss,26.6535,train acc,36.75,val loss,168.8961,val acc,26.47,best val acc,32.353
Epoch,346,train loss,26.6527,train acc,36.75,val loss,168.8931,val acc,26.47,best val acc,32.353
Epoch,347,train loss,26.6559,train acc,36.75,val loss,168.8764,val acc,26.47,best val acc,32.353
Epoch,348,train loss,26.6528,train acc,36.75,val loss,168.8901,val acc,26.47,best val acc,32.353
Epoch,349,train loss,26.6506,train acc,36.75,val loss,168.8988,val acc,26.47,best val acc,32.353
Epoch,350,train loss,26.6502,train acc,36.75,val loss,168.9058,val acc,26.47,best val acc,32.353
Epoch,351,train loss,26.6517,train acc,36.75,val loss,168.8986,val acc,26.47,best val acc,32.353
Epoch,352,train loss,26.6516,train acc,36.75,val loss,168.9060,val acc,26.47,best val acc,32.353
Epoch,353,train loss,26.6500,train acc,37.61,val loss,168.8871,val acc,26.47,best val acc,32.353
Epoch,354,train loss,26.6477,train acc,36.75,val loss,168.8737,val acc,26.47,best val acc,32.353
Epoch,355,train loss,26.6471,train acc,35.90,val loss,168.8626,val acc,26.47,best val acc,32.353
Epoch,356,train loss,26.6489,train acc,36.75,val loss,168.8537,val acc,26.47,best val acc,32.353
Epoch,357,train loss,26.6457,train acc,36.75,val loss,168.8574,val acc,26.47,best val acc,32.353
Epoch,358,train loss,26.6471,train acc,36.75,val loss,168.8664,val acc,26.47,best val acc,32.353
Epoch,359,train loss,26.6452,train acc,36.75,val loss,168.8572,val acc,26.47,best val acc,32.353
Epoch,360,train loss,26.6460,train acc,36.75,val loss,168.8424,val acc,26.47,best val acc,32.353
Epoch,361,train loss,26.6452,train acc,36.75,val loss,168.8444,val acc,26.47,best val acc,32.353
Epoch,362,train loss,26.6435,train acc,36.75,val loss,168.8342,val acc,26.47,best val acc,32.353
Epoch,363,train loss,26.6422,train acc,36.75,val loss,168.8301,val acc,26.47,best val acc,32.353
Epoch,364,train loss,26.6428,train acc,36.75,val loss,168.8226,val acc,26.47,best val acc,32.353
Epoch,365,train loss,26.6414,train acc,36.75,val loss,168.8159,val acc,26.47,best val acc,32.353
Epoch,366,train loss,26.6410,train acc,36.75,val loss,168.8156,val acc,26.47,best val acc,32.353
Epoch,367,train loss,26.6403,train acc,36.75,val loss,168.8190,val acc,26.47,best val acc,32.353
Epoch,368,train loss,26.6411,train acc,36.75,val loss,168.8215,val acc,26.47,best val acc,32.353
Epoch,369,train loss,26.6388,train acc,35.90,val loss,168.8301,val acc,26.47,best val acc,32.353
Epoch,370,train loss,26.6401,train acc,36.75,val loss,168.8360,val acc,26.47,best val acc,32.353
Epoch,371,train loss,26.6392,train acc,36.75,val loss,168.8316,val acc,26.47,best val acc,32.353
Epoch,372,train loss,26.6372,train acc,36.75,val loss,168.8169,val acc,26.47,best val acc,32.353
Epoch,373,train loss,26.6361,train acc,36.75,val loss,168.8087,val acc,26.47,best val acc,32.353
Epoch,374,train loss,26.6372,train acc,36.75,val loss,168.8025,val acc,26.47,best val acc,32.353
Epoch,375,train loss,26.6357,train acc,36.75,val loss,168.8108,val acc,26.47,best val acc,32.353
Epoch,376,train loss,26.6367,train acc,36.75,val loss,168.8159,val acc,26.47,best val acc,32.353
Epoch,377,train loss,26.6337,train acc,37.61,val loss,168.8311,val acc,26.47,best val acc,32.353
Epoch,378,train loss,26.6336,train acc,36.75,val loss,168.8456,val acc,26.47,best val acc,32.353
Epoch,379,train loss,26.6386,train acc,35.90,val loss,168.8611,val acc,26.47,best val acc,32.353
Epoch,380,train loss,26.6345,train acc,35.90,val loss,168.8444,val acc,26.47,best val acc,32.353
Epoch,381,train loss,26.6323,train acc,36.75,val loss,168.8236,val acc,26.47,best val acc,32.353
Epoch,382,train loss,26.6355,train acc,36.75,val loss,168.7965,val acc,26.47,best val acc,32.353
Epoch,383,train loss,26.6337,train acc,37.61,val loss,168.8060,val acc,26.47,best val acc,32.353
Epoch,384,train loss,26.6308,train acc,37.61,val loss,168.8126,val acc,26.47,best val acc,32.353
Epoch,385,train loss,26.6308,train acc,35.90,val loss,168.8224,val acc,26.47,best val acc,32.353
Epoch,386,train loss,26.6331,train acc,35.90,val loss,168.8099,val acc,26.47,best val acc,32.353
Epoch,387,train loss,26.6297,train acc,35.90,val loss,168.8214,val acc,26.47,best val acc,32.353
Epoch,388,train loss,26.6333,train acc,36.75,val loss,168.8286,val acc,26.47,best val acc,32.353
Epoch,389,train loss,26.6290,train acc,36.75,val loss,168.8110,val acc,26.47,best val acc,32.353
Epoch,390,train loss,26.6295,train acc,36.75,val loss,168.7986,val acc,26.47,best val acc,32.353
Epoch,391,train loss,26.6269,train acc,36.75,val loss,168.7941,val acc,26.47,best val acc,32.353
Epoch,392,train loss,26.6270,train acc,36.75,val loss,168.8101,val acc,26.47,best val acc,32.353
Epoch,393,train loss,26.6250,train acc,36.75,val loss,168.8099,val acc,26.47,best val acc,32.353
Epoch,394,train loss,26.6242,train acc,36.75,val loss,168.8168,val acc,26.47,best val acc,32.353
Epoch,395,train loss,26.6245,train acc,36.75,val loss,168.8160,val acc,26.47,best val acc,32.353
Epoch,396,train loss,26.6241,train acc,36.75,val loss,168.8020,val acc,26.47,best val acc,32.353
Epoch,397,train loss,26.6255,train acc,36.75,val loss,168.7782,val acc,26.47,best val acc,32.353
Epoch,398,train loss,26.6241,train acc,35.90,val loss,168.7832,val acc,26.47,best val acc,32.353
Epoch,399,train loss,26.6229,train acc,36.75,val loss,168.7762,val acc,26.47,best val acc,32.353
Epoch,400,train loss,26.6227,train acc,36.75,val loss,168.7791,val acc,26.47,best val acc,32.353
Epoch,401,train loss,26.6248,train acc,37.61,val loss,168.7664,val acc,26.47,best val acc,32.353
Epoch,402,train loss,26.6195,train acc,36.75,val loss,168.7761,val acc,26.47,best val acc,32.353
Epoch,403,train loss,26.6185,train acc,36.75,val loss,168.7938,val acc,26.47,best val acc,32.353
Epoch,404,train loss,26.6188,train acc,36.75,val loss,168.8012,val acc,26.47,best val acc,32.353
Epoch,405,train loss,26.6231,train acc,36.75,val loss,168.8036,val acc,26.47,best val acc,32.353
Epoch,406,train loss,26.6189,train acc,36.75,val loss,168.7882,val acc,26.47,best val acc,32.353
Epoch,407,train loss,26.6151,train acc,36.75,val loss,168.7617,val acc,26.47,best val acc,32.353
Epoch,408,train loss,26.6197,train acc,36.75,val loss,168.7435,val acc,26.47,best val acc,32.353
Epoch,409,train loss,26.6201,train acc,36.75,val loss,168.7520,val acc,26.47,best val acc,32.353
Epoch,410,train loss,26.6159,train acc,36.75,val loss,168.7686,val acc,26.47,best val acc,32.353
Epoch,411,train loss,26.6167,train acc,35.90,val loss,168.7795,val acc,26.47,best val acc,32.353
Epoch,412,train loss,26.6137,train acc,36.75,val loss,168.7809,val acc,26.47,best val acc,32.353
Epoch,413,train loss,26.6130,train acc,36.75,val loss,168.7771,val acc,26.47,best val acc,32.353
Epoch,414,train loss,26.6152,train acc,36.75,val loss,168.7734,val acc,26.47,best val acc,32.353
Epoch,415,train loss,26.6144,train acc,35.90,val loss,168.7637,val acc,26.47,best val acc,32.353
Epoch,416,train loss,26.6117,train acc,36.75,val loss,168.7633,val acc,26.47,best val acc,32.353
Epoch,417,train loss,26.6105,train acc,36.75,val loss,168.7648,val acc,26.47,best val acc,32.353
Epoch,418,train loss,26.6133,train acc,35.90,val loss,168.7643,val acc,26.47,best val acc,32.353
Epoch,419,train loss,26.6088,train acc,36.75,val loss,168.7752,val acc,26.47,best val acc,32.353
Epoch,420,train loss,26.6152,train acc,37.61,val loss,168.7921,val acc,26.47,best val acc,32.353
Epoch,421,train loss,26.6120,train acc,35.90,val loss,168.7763,val acc,26.47,best val acc,32.353
Epoch,422,train loss,26.6097,train acc,36.75,val loss,168.7571,val acc,26.47,best val acc,32.353
Epoch,423,train loss,26.6068,train acc,36.75,val loss,168.7596,val acc,26.47,best val acc,32.353
Epoch,424,train loss,26.6069,train acc,36.75,val loss,168.7707,val acc,26.47,best val acc,32.353
Epoch,425,train loss,26.6073,train acc,36.75,val loss,168.7675,val acc,26.47,best val acc,32.353
Epoch,426,train loss,26.6050,train acc,35.90,val loss,168.7773,val acc,26.47,best val acc,32.353
Epoch,427,train loss,26.6045,train acc,36.75,val loss,168.7789,val acc,26.47,best val acc,32.353
Epoch,428,train loss,26.6051,train acc,35.90,val loss,168.7842,val acc,26.47,best val acc,32.353
Epoch,429,train loss,26.6044,train acc,36.75,val loss,168.7829,val acc,26.47,best val acc,32.353
Epoch,430,train loss,26.6089,train acc,37.61,val loss,168.7619,val acc,26.47,best val acc,32.353
Epoch,431,train loss,26.6039,train acc,36.75,val loss,168.7625,val acc,26.47,best val acc,32.353
Epoch,432,train loss,26.6059,train acc,36.75,val loss,168.7696,val acc,26.47,best val acc,32.353
Epoch,433,train loss,26.5988,train acc,38.46,val loss,168.7928,val acc,26.47,best val acc,32.353
Epoch,434,train loss,26.6016,train acc,36.75,val loss,168.8092,val acc,26.47,best val acc,32.353
Epoch,435,train loss,26.6056,train acc,36.75,val loss,168.7938,val acc,26.47,best val acc,32.353
Epoch,436,train loss,26.6046,train acc,36.75,val loss,168.7720,val acc,26.47,best val acc,32.353
Epoch,437,train loss,26.5996,train acc,36.75,val loss,168.7617,val acc,26.47,best val acc,32.353
Epoch,438,train loss,26.5995,train acc,36.75,val loss,168.7406,val acc,26.47,best val acc,32.353
Epoch,439,train loss,26.5990,train acc,37.61,val loss,168.7303,val acc,26.47,best val acc,32.353
Epoch,440,train loss,26.5989,train acc,37.61,val loss,168.7407,val acc,26.47,best val acc,32.353
Epoch,441,train loss,26.5966,train acc,37.61,val loss,168.7542,val acc,26.47,best val acc,32.353
Epoch,442,train loss,26.5953,train acc,35.90,val loss,168.7580,val acc,26.47,best val acc,32.353
Epoch,443,train loss,26.5951,train acc,36.75,val loss,168.7534,val acc,26.47,best val acc,32.353
Epoch,444,train loss,26.5966,train acc,35.90,val loss,168.7432,val acc,26.47,best val acc,32.353
Epoch,445,train loss,26.5931,train acc,36.75,val loss,168.7525,val acc,26.47,best val acc,32.353
Epoch,446,train loss,26.5943,train acc,36.75,val loss,168.7498,val acc,26.47,best val acc,32.353
Epoch,447,train loss,26.5947,train acc,35.90,val loss,168.7623,val acc,26.47,best val acc,32.353
Epoch,448,train loss,26.5927,train acc,36.75,val loss,168.7561,val acc,26.47,best val acc,32.353
Epoch,449,train loss,26.5906,train acc,36.75,val loss,168.7517,val acc,26.47,best val acc,32.353
Epoch,450,train loss,26.5939,train acc,36.75,val loss,168.7374,val acc,26.47,best val acc,32.353
Epoch,451,train loss,26.5903,train acc,36.75,val loss,168.7419,val acc,26.47,best val acc,32.353
Epoch,452,train loss,26.5889,train acc,36.75,val loss,168.7557,val acc,26.47,best val acc,32.353
Epoch,453,train loss,26.5892,train acc,36.75,val loss,168.7585,val acc,26.47,best val acc,32.353
Epoch,454,train loss,26.5874,train acc,36.75,val loss,168.7618,val acc,26.47,best val acc,32.353
Epoch,455,train loss,26.5889,train acc,36.75,val loss,168.7611,val acc,26.47,best val acc,32.353
Epoch,456,train loss,26.5894,train acc,35.90,val loss,168.7419,val acc,26.47,best val acc,32.353
Epoch,457,train loss,26.5860,train acc,36.75,val loss,168.7334,val acc,26.47,best val acc,32.353
Epoch,458,train loss,26.5851,train acc,36.75,val loss,168.7302,val acc,26.47,best val acc,32.353
Epoch,459,train loss,26.5849,train acc,36.75,val loss,168.7279,val acc,26.47,best val acc,32.353
Epoch,460,train loss,26.5851,train acc,36.75,val loss,168.7263,val acc,26.47,best val acc,32.353
Epoch,461,train loss,26.5835,train acc,36.75,val loss,168.7194,val acc,26.47,best val acc,32.353
Epoch,462,train loss,26.5830,train acc,36.75,val loss,168.7160,val acc,26.47,best val acc,32.353
Epoch,463,train loss,26.5826,train acc,36.75,val loss,168.7123,val acc,26.47,best val acc,32.353
Epoch,464,train loss,26.5816,train acc,36.75,val loss,168.7189,val acc,26.47,best val acc,32.353
Epoch,465,train loss,26.5844,train acc,36.75,val loss,168.7246,val acc,26.47,best val acc,32.353
Epoch,466,train loss,26.5846,train acc,36.75,val loss,168.7184,val acc,26.47,best val acc,32.353
Epoch,467,train loss,26.5825,train acc,36.75,val loss,168.6897,val acc,26.47,best val acc,32.353
Epoch,468,train loss,26.5908,train acc,35.90,val loss,168.6672,val acc,26.47,best val acc,32.353
Epoch,469,train loss,26.5836,train acc,36.75,val loss,168.6898,val acc,26.47,best val acc,32.353
Epoch,470,train loss,26.5781,train acc,36.75,val loss,168.7067,val acc,26.47,best val acc,32.353
Epoch,471,train loss,26.5768,train acc,37.61,val loss,168.7248,val acc,26.47,best val acc,32.353
Epoch,472,train loss,26.5848,train acc,36.75,val loss,168.7370,val acc,26.47,best val acc,32.353
Epoch,473,train loss,26.5790,train acc,36.75,val loss,168.7118,val acc,26.47,best val acc,32.353
Epoch,474,train loss,26.5756,train acc,36.75,val loss,168.6858,val acc,26.47,best val acc,32.353
Epoch,475,train loss,26.5814,train acc,37.61,val loss,168.6644,val acc,26.47,best val acc,32.353
Epoch,476,train loss,26.5766,train acc,36.75,val loss,168.6698,val acc,26.47,best val acc,32.353
Epoch,477,train loss,26.5741,train acc,36.75,val loss,168.6890,val acc,26.47,best val acc,32.353
Epoch,478,train loss,26.5723,train acc,36.75,val loss,168.7098,val acc,26.47,best val acc,32.353
Epoch,479,train loss,26.5775,train acc,37.61,val loss,168.7250,val acc,26.47,best val acc,32.353
Epoch,480,train loss,26.5759,train acc,36.75,val loss,168.7156,val acc,26.47,best val acc,32.353
Epoch,481,train loss,26.5722,train acc,36.75,val loss,168.6942,val acc,26.47,best val acc,32.353
Epoch,482,train loss,26.5698,train acc,36.75,val loss,168.6748,val acc,26.47,best val acc,32.353
Epoch,483,train loss,26.5733,train acc,36.75,val loss,168.6566,val acc,26.47,best val acc,32.353
Epoch,484,train loss,26.5735,train acc,36.75,val loss,168.6618,val acc,26.47,best val acc,32.353
Epoch,485,train loss,26.5690,train acc,36.75,val loss,168.6763,val acc,26.47,best val acc,32.353
Epoch,486,train loss,26.5677,train acc,36.75,val loss,168.6914,val acc,26.47,best val acc,32.353
Epoch,487,train loss,26.5684,train acc,37.61,val loss,168.7046,val acc,26.47,best val acc,32.353
Epoch,488,train loss,26.5716,train acc,36.75,val loss,168.6938,val acc,26.47,best val acc,32.353
Epoch,489,train loss,26.5680,train acc,36.75,val loss,168.6843,val acc,26.47,best val acc,32.353
Epoch,490,train loss,26.5722,train acc,35.90,val loss,168.6624,val acc,26.47,best val acc,32.353
Epoch,491,train loss,26.5694,train acc,35.90,val loss,168.6574,val acc,26.47,best val acc,32.353
Epoch,492,train loss,26.5641,train acc,36.75,val loss,168.6791,val acc,26.47,best val acc,32.353
Epoch,493,train loss,26.5645,train acc,36.75,val loss,168.7025,val acc,26.47,best val acc,32.353
Epoch,494,train loss,26.5647,train acc,35.90,val loss,168.7165,val acc,26.47,best val acc,32.353
Epoch,495,train loss,26.5644,train acc,35.90,val loss,168.7381,val acc,26.47,best val acc,32.353
Epoch,496,train loss,26.5673,train acc,36.75,val loss,168.7253,val acc,26.47,best val acc,32.353
Epoch,497,train loss,26.5641,train acc,35.04,val loss,168.7104,val acc,26.47,best val acc,32.353
Epoch,498,train loss,26.5622,train acc,36.75,val loss,168.7130,val acc,26.47,best val acc,32.353
Epoch,499,train loss,26.5598,train acc,36.75,val loss,168.7059,val acc,26.47,best val acc,32.353
Epoch,500,train loss,26.5611,train acc,36.75,val loss,168.6832,val acc,26.47,best val acc,32.353
Epoch,501,train loss,26.5587,train acc,36.75,val loss,168.6842,val acc,26.47,best val acc,32.353
Epoch,502,train loss,26.5585,train acc,36.75,val loss,168.6840,val acc,26.47,best val acc,32.353
Epoch,503,train loss,26.5586,train acc,36.75,val loss,168.6826,val acc,26.47,best val acc,32.353
Epoch,504,train loss,26.5581,train acc,36.75,val loss,168.6831,val acc,26.47,best val acc,32.353
Epoch,505,train loss,26.5584,train acc,36.75,val loss,168.6854,val acc,26.47,best val acc,32.353
Epoch,506,train loss,26.5579,train acc,36.75,val loss,168.6851,val acc,26.47,best val acc,32.353
Epoch,507,train loss,26.5577,train acc,36.75,val loss,168.6852,val acc,26.47,best val acc,32.353
Epoch,508,train loss,26.5579,train acc,37.61,val loss,168.6859,val acc,26.47,best val acc,32.353
Epoch,509,train loss,26.5576,train acc,36.75,val loss,168.6868,val acc,26.47,best val acc,32.353
Epoch,510,train loss,26.5575,train acc,36.75,val loss,168.6865,val acc,26.47,best val acc,32.353
Epoch,511,train loss,26.5574,train acc,36.75,val loss,168.6864,val acc,26.47,best val acc,32.353
Epoch,512,train loss,26.5574,train acc,36.75,val loss,168.6865,val acc,26.47,best val acc,32.353
Epoch,513,train loss,26.5573,train acc,36.75,val loss,168.6853,val acc,26.47,best val acc,32.353
Epoch,514,train loss,26.5575,train acc,36.75,val loss,168.6838,val acc,26.47,best val acc,32.353
Epoch,515,train loss,26.5571,train acc,36.75,val loss,168.6828,val acc,26.47,best val acc,32.353
Epoch,516,train loss,26.5571,train acc,36.75,val loss,168.6842,val acc,26.47,best val acc,32.353
Epoch,517,train loss,26.5571,train acc,36.75,val loss,168.6839,val acc,26.47,best val acc,32.353
Epoch,518,train loss,26.5570,train acc,36.75,val loss,168.6839,val acc,26.47,best val acc,32.353
Epoch,519,train loss,26.5569,train acc,36.75,val loss,168.6836,val acc,26.47,best val acc,32.353
Epoch,520,train loss,26.5568,train acc,36.75,val loss,168.6828,val acc,26.47,best val acc,32.353
Epoch,521,train loss,26.5568,train acc,36.75,val loss,168.6826,val acc,26.47,best val acc,32.353
Epoch,522,train loss,26.5565,train acc,36.75,val loss,168.6810,val acc,26.47,best val acc,32.353
Epoch,523,train loss,26.5572,train acc,36.75,val loss,168.6779,val acc,26.47,best val acc,32.353
Epoch,524,train loss,26.5566,train acc,36.75,val loss,168.6783,val acc,26.47,best val acc,32.353
Epoch,525,train loss,26.5567,train acc,36.75,val loss,168.6779,val acc,26.47,best val acc,32.353
Epoch,526,train loss,26.5570,train acc,36.75,val loss,168.6755,val acc,26.47,best val acc,32.353
Epoch,527,train loss,26.5564,train acc,36.75,val loss,168.6747,val acc,26.47,best val acc,32.353
Epoch,528,train loss,26.5562,train acc,36.75,val loss,168.6750,val acc,26.47,best val acc,32.353
Epoch,529,train loss,26.5562,train acc,36.75,val loss,168.6756,val acc,26.47,best val acc,32.353
Epoch,530,train loss,26.5561,train acc,36.75,val loss,168.6751,val acc,26.47,best val acc,32.353
Epoch,531,train loss,26.5561,train acc,36.75,val loss,168.6763,val acc,26.47,best val acc,32.353
Epoch,532,train loss,26.5560,train acc,36.75,val loss,168.6756,val acc,26.47,best val acc,32.353
Epoch,533,train loss,26.5558,train acc,36.75,val loss,168.6765,val acc,26.47,best val acc,32.353
Epoch,534,train loss,26.5559,train acc,36.75,val loss,168.6774,val acc,26.47,best val acc,32.353
Epoch,535,train loss,26.5557,train acc,36.75,val loss,168.6775,val acc,26.47,best val acc,32.353
Epoch,536,train loss,26.5559,train acc,35.90,val loss,168.6773,val acc,26.47,best val acc,32.353
Epoch,537,train loss,26.5557,train acc,36.75,val loss,168.6772,val acc,26.47,best val acc,32.353
Epoch,538,train loss,26.5557,train acc,35.90,val loss,168.6760,val acc,26.47,best val acc,32.353
Epoch,539,train loss,26.5559,train acc,36.75,val loss,168.6733,val acc,26.47,best val acc,32.353
Epoch,540,train loss,26.5556,train acc,36.75,val loss,168.6728,val acc,26.47,best val acc,32.353
Epoch,541,train loss,26.5557,train acc,36.75,val loss,168.6715,val acc,26.47,best val acc,32.353
Epoch,542,train loss,26.5553,train acc,36.75,val loss,168.6715,val acc,26.47,best val acc,32.353
Epoch,543,train loss,26.5554,train acc,36.75,val loss,168.6726,val acc,26.47,best val acc,32.353
Epoch,544,train loss,26.5554,train acc,36.75,val loss,168.6737,val acc,26.47,best val acc,32.353
Epoch,545,train loss,26.5553,train acc,36.75,val loss,168.6723,val acc,26.47,best val acc,32.353
Epoch,546,train loss,26.5553,train acc,36.75,val loss,168.6720,val acc,26.47,best val acc,32.353
Epoch,547,train loss,26.5551,train acc,36.75,val loss,168.6710,val acc,26.47,best val acc,32.353
Epoch,548,train loss,26.5550,train acc,36.75,val loss,168.6715,val acc,26.47,best val acc,32.353
Epoch,549,train loss,26.5548,train acc,36.75,val loss,168.6714,val acc,26.47,best val acc,32.353
Epoch,550,train loss,26.5548,train acc,36.75,val loss,168.6705,val acc,26.47,best val acc,32.353
Epoch,551,train loss,26.5548,train acc,36.75,val loss,168.6701,val acc,26.47,best val acc,32.353
Epoch,552,train loss,26.5548,train acc,36.75,val loss,168.6686,val acc,26.47,best val acc,32.353
Epoch,553,train loss,26.5545,train acc,36.75,val loss,168.6685,val acc,26.47,best val acc,32.353
Epoch,554,train loss,26.5546,train acc,36.75,val loss,168.6680,val acc,26.47,best val acc,32.353
Epoch,555,train loss,26.5547,train acc,36.75,val loss,168.6679,val acc,26.47,best val acc,32.353
Epoch,556,train loss,26.5546,train acc,36.75,val loss,168.6686,val acc,26.47,best val acc,32.353
Epoch,557,train loss,26.5545,train acc,36.75,val loss,168.6674,val acc,26.47,best val acc,32.353
Epoch,558,train loss,26.5547,train acc,35.90,val loss,168.6687,val acc,26.47,best val acc,32.353
Epoch,559,train loss,26.5543,train acc,36.75,val loss,168.6671,val acc,26.47,best val acc,32.353
Epoch,560,train loss,26.5543,train acc,35.90,val loss,168.6671,val acc,26.47,best val acc,32.353
Epoch,561,train loss,26.5541,train acc,36.75,val loss,168.6665,val acc,26.47,best val acc,32.353
Epoch,562,train loss,26.5541,train acc,36.75,val loss,168.6656,val acc,26.47,best val acc,32.353
Epoch,563,train loss,26.5540,train acc,36.75,val loss,168.6646,val acc,26.47,best val acc,32.353
Epoch,564,train loss,26.5541,train acc,36.75,val loss,168.6630,val acc,26.47,best val acc,32.353
Epoch,565,train loss,26.5540,train acc,36.75,val loss,168.6631,val acc,26.47,best val acc,32.353
Epoch,566,train loss,26.5539,train acc,36.75,val loss,168.6641,val acc,26.47,best val acc,32.353
Epoch,567,train loss,26.5535,train acc,36.75,val loss,168.6637,val acc,26.47,best val acc,32.353
Epoch,568,train loss,26.5536,train acc,36.75,val loss,168.6645,val acc,26.47,best val acc,32.353
Epoch,569,train loss,26.5534,train acc,36.75,val loss,168.6640,val acc,26.47,best val acc,32.353
Epoch,570,train loss,26.5536,train acc,36.75,val loss,168.6644,val acc,26.47,best val acc,32.353
Epoch,571,train loss,26.5535,train acc,36.75,val loss,168.6640,val acc,26.47,best val acc,32.353
Epoch,572,train loss,26.5540,train acc,36.75,val loss,168.6609,val acc,26.47,best val acc,32.353
Epoch,573,train loss,26.5532,train acc,36.75,val loss,168.6608,val acc,26.47,best val acc,32.353
Epoch,574,train loss,26.5533,train acc,36.75,val loss,168.6603,val acc,26.47,best val acc,32.353
Epoch,575,train loss,26.5532,train acc,36.75,val loss,168.6603,val acc,26.47,best val acc,32.353
Epoch,576,train loss,26.5532,train acc,36.75,val loss,168.6608,val acc,26.47,best val acc,32.353
Epoch,577,train loss,26.5529,train acc,36.75,val loss,168.6594,val acc,26.47,best val acc,32.353
Epoch,578,train loss,26.5529,train acc,36.75,val loss,168.6597,val acc,26.47,best val acc,32.353
Epoch,579,train loss,26.5529,train acc,36.75,val loss,168.6593,val acc,26.47,best val acc,32.353
Epoch,580,train loss,26.5528,train acc,36.75,val loss,168.6586,val acc,26.47,best val acc,32.353
Epoch,581,train loss,26.5529,train acc,36.75,val loss,168.6590,val acc,26.47,best val acc,32.353
Epoch,582,train loss,26.5527,train acc,36.75,val loss,168.6588,val acc,26.47,best val acc,32.353
Epoch,583,train loss,26.5527,train acc,36.75,val loss,168.6582,val acc,26.47,best val acc,32.353
Epoch,584,train loss,26.5526,train acc,36.75,val loss,168.6577,val acc,26.47,best val acc,32.353
Epoch,585,train loss,26.5526,train acc,36.75,val loss,168.6569,val acc,26.47,best val acc,32.353
Epoch,586,train loss,26.5524,train acc,36.75,val loss,168.6566,val acc,26.47,best val acc,32.353
Epoch,587,train loss,26.5523,train acc,36.75,val loss,168.6547,val acc,26.47,best val acc,32.353
Epoch,588,train loss,26.5523,train acc,36.75,val loss,168.6537,val acc,26.47,best val acc,32.353
Epoch,589,train loss,26.5521,train acc,36.75,val loss,168.6532,val acc,26.47,best val acc,32.353
Epoch,590,train loss,26.5524,train acc,36.75,val loss,168.6520,val acc,26.47,best val acc,32.353
Epoch,591,train loss,26.5523,train acc,36.75,val loss,168.6514,val acc,26.47,best val acc,32.353
Epoch,592,train loss,26.5521,train acc,36.75,val loss,168.6532,val acc,26.47,best val acc,32.353
Epoch,593,train loss,26.5519,train acc,36.75,val loss,168.6539,val acc,26.47,best val acc,32.353
Epoch,594,train loss,26.5519,train acc,36.75,val loss,168.6556,val acc,26.47,best val acc,32.353
Epoch,595,train loss,26.5521,train acc,36.75,val loss,168.6551,val acc,26.47,best val acc,32.353
Epoch,596,train loss,26.5516,train acc,36.75,val loss,168.6566,val acc,26.47,best val acc,32.353
Epoch,597,train loss,26.5515,train acc,36.75,val loss,168.6567,val acc,26.47,best val acc,32.353
Epoch,598,train loss,26.5516,train acc,36.75,val loss,168.6574,val acc,26.47,best val acc,32.353
Epoch,599,train loss,26.5515,train acc,36.75,val loss,168.6589,val acc,26.47,best val acc,32.353
Epoch,600,train loss,26.5514,train acc,36.75,val loss,168.6600,val acc,26.47,best val acc,32.353
Epoch,601,train loss,26.5515,train acc,36.75,val loss,168.6609,val acc,26.47,best val acc,32.353
Epoch,602,train loss,26.5514,train acc,36.75,val loss,168.6623,val acc,26.47,best val acc,32.353
Epoch,603,train loss,26.5513,train acc,36.75,val loss,168.6631,val acc,26.47,best val acc,32.353
Epoch,604,train loss,26.5515,train acc,36.75,val loss,168.6630,val acc,26.47,best val acc,32.353
Epoch,605,train loss,26.5512,train acc,36.75,val loss,168.6629,val acc,26.47,best val acc,32.353
Epoch,606,train loss,26.5512,train acc,36.75,val loss,168.6620,val acc,26.47,best val acc,32.353
Epoch,607,train loss,26.5511,train acc,36.75,val loss,168.6607,val acc,26.47,best val acc,32.353
Epoch,608,train loss,26.5509,train acc,36.75,val loss,168.6602,val acc,26.47,best val acc,32.353
Epoch,609,train loss,26.5508,train acc,36.75,val loss,168.6586,val acc,26.47,best val acc,32.353
Epoch,610,train loss,26.5509,train acc,36.75,val loss,168.6578,val acc,26.47,best val acc,32.353
Epoch,611,train loss,26.5508,train acc,35.90,val loss,168.6551,val acc,26.47,best val acc,32.353
Epoch,612,train loss,26.5507,train acc,36.75,val loss,168.6527,val acc,26.47,best val acc,32.353
Epoch,613,train loss,26.5505,train acc,36.75,val loss,168.6515,val acc,26.47,best val acc,32.353
Epoch,614,train loss,26.5504,train acc,36.75,val loss,168.6500,val acc,26.47,best val acc,32.353
Epoch,615,train loss,26.5511,train acc,36.75,val loss,168.6478,val acc,26.47,best val acc,32.353
Epoch,616,train loss,26.5506,train acc,36.75,val loss,168.6494,val acc,26.47,best val acc,32.353
Epoch,617,train loss,26.5505,train acc,36.75,val loss,168.6479,val acc,26.47,best val acc,32.353
Epoch,618,train loss,26.5503,train acc,36.75,val loss,168.6484,val acc,26.47,best val acc,32.353
Epoch,619,train loss,26.5508,train acc,36.75,val loss,168.6502,val acc,26.47,best val acc,32.353
Epoch,620,train loss,26.5501,train acc,36.75,val loss,168.6494,val acc,26.47,best val acc,32.353
Epoch,621,train loss,26.5502,train acc,36.75,val loss,168.6483,val acc,26.47,best val acc,32.353
Epoch,622,train loss,26.5501,train acc,35.90,val loss,168.6490,val acc,26.47,best val acc,32.353
Epoch,623,train loss,26.5499,train acc,36.75,val loss,168.6492,val acc,26.47,best val acc,32.353
Epoch,624,train loss,26.5500,train acc,35.90,val loss,168.6482,val acc,26.47,best val acc,32.353
Epoch,625,train loss,26.5498,train acc,36.75,val loss,168.6490,val acc,26.47,best val acc,32.353
Epoch,626,train loss,26.5498,train acc,36.75,val loss,168.6494,val acc,26.47,best val acc,32.353
Epoch,627,train loss,26.5498,train acc,36.75,val loss,168.6497,val acc,26.47,best val acc,32.353
Epoch,628,train loss,26.5499,train acc,36.75,val loss,168.6498,val acc,26.47,best val acc,32.353
Epoch,629,train loss,26.5495,train acc,36.75,val loss,168.6481,val acc,26.47,best val acc,32.353
Epoch,630,train loss,26.5495,train acc,36.75,val loss,168.6453,val acc,26.47,best val acc,32.353
Epoch,631,train loss,26.5495,train acc,35.90,val loss,168.6441,val acc,26.47,best val acc,32.353
Epoch,632,train loss,26.5493,train acc,36.75,val loss,168.6442,val acc,26.47,best val acc,32.353
Epoch,633,train loss,26.5494,train acc,36.75,val loss,168.6432,val acc,26.47,best val acc,32.353
Epoch,634,train loss,26.5494,train acc,36.75,val loss,168.6418,val acc,26.47,best val acc,32.353
Epoch,635,train loss,26.5494,train acc,36.75,val loss,168.6429,val acc,26.47,best val acc,32.353
Epoch,636,train loss,26.5490,train acc,36.75,val loss,168.6422,val acc,26.47,best val acc,32.353
Epoch,637,train loss,26.5491,train acc,36.75,val loss,168.6416,val acc,26.47,best val acc,32.353
Epoch,638,train loss,26.5489,train acc,36.75,val loss,168.6418,val acc,26.47,best val acc,32.353
Epoch,639,train loss,26.5489,train acc,36.75,val loss,168.6409,val acc,26.47,best val acc,32.353
Epoch,640,train loss,26.5490,train acc,36.75,val loss,168.6418,val acc,26.47,best val acc,32.353
Epoch,641,train loss,26.5488,train acc,36.75,val loss,168.6402,val acc,26.47,best val acc,32.353
Epoch,642,train loss,26.5486,train acc,36.75,val loss,168.6402,val acc,26.47,best val acc,32.353
Epoch,643,train loss,26.5487,train acc,36.75,val loss,168.6394,val acc,26.47,best val acc,32.353
Epoch,644,train loss,26.5485,train acc,36.75,val loss,168.6394,val acc,26.47,best val acc,32.353
Epoch,645,train loss,26.5484,train acc,36.75,val loss,168.6405,val acc,26.47,best val acc,32.353
Epoch,646,train loss,26.5483,train acc,36.75,val loss,168.6410,val acc,26.47,best val acc,32.353
Epoch,647,train loss,26.5482,train acc,36.75,val loss,168.6416,val acc,26.47,best val acc,32.353
Epoch,648,train loss,26.5483,train acc,36.75,val loss,168.6416,val acc,26.47,best val acc,32.353
Epoch,649,train loss,26.5482,train acc,36.75,val loss,168.6414,val acc,26.47,best val acc,32.353
Epoch,650,train loss,26.5482,train acc,36.75,val loss,168.6405,val acc,26.47,best val acc,32.353
Epoch,651,train loss,26.5480,train acc,36.75,val loss,168.6395,val acc,26.47,best val acc,32.353
Epoch,652,train loss,26.5478,train acc,36.75,val loss,168.6376,val acc,26.47,best val acc,32.353
Epoch,653,train loss,26.5478,train acc,36.75,val loss,168.6347,val acc,26.47,best val acc,32.353
Epoch,654,train loss,26.5476,train acc,36.75,val loss,168.6337,val acc,26.47,best val acc,32.353
Epoch,655,train loss,26.5477,train acc,36.75,val loss,168.6313,val acc,26.47,best val acc,32.353
Epoch,656,train loss,26.5478,train acc,36.75,val loss,168.6295,val acc,26.47,best val acc,32.353
Epoch,657,train loss,26.5477,train acc,36.75,val loss,168.6287,val acc,26.47,best val acc,32.353
Epoch,658,train loss,26.5478,train acc,36.75,val loss,168.6273,val acc,26.47,best val acc,32.353
Epoch,659,train loss,26.5478,train acc,36.75,val loss,168.6295,val acc,26.47,best val acc,32.353
Epoch,660,train loss,26.5475,train acc,36.75,val loss,168.6306,val acc,26.47,best val acc,32.353
Epoch,661,train loss,26.5476,train acc,36.75,val loss,168.6308,val acc,26.47,best val acc,32.353
Epoch,662,train loss,26.5473,train acc,36.75,val loss,168.6317,val acc,26.47,best val acc,32.353
Epoch,663,train loss,26.5475,train acc,36.75,val loss,168.6320,val acc,26.47,best val acc,32.353
Epoch,664,train loss,26.5472,train acc,36.75,val loss,168.6313,val acc,26.47,best val acc,32.353
Epoch,665,train loss,26.5471,train acc,36.75,val loss,168.6308,val acc,26.47,best val acc,32.353
Epoch,666,train loss,26.5471,train acc,36.75,val loss,168.6305,val acc,26.47,best val acc,32.353
Epoch,667,train loss,26.5468,train acc,36.75,val loss,168.6312,val acc,26.47,best val acc,32.353
Epoch,668,train loss,26.5468,train acc,36.75,val loss,168.6324,val acc,26.47,best val acc,32.353
Epoch,669,train loss,26.5470,train acc,36.75,val loss,168.6318,val acc,26.47,best val acc,32.353
Epoch,670,train loss,26.5466,train acc,36.75,val loss,168.6334,val acc,26.47,best val acc,32.353
Epoch,671,train loss,26.5466,train acc,36.75,val loss,168.6344,val acc,26.47,best val acc,32.353
Epoch,672,train loss,26.5469,train acc,36.75,val loss,168.6364,val acc,26.47,best val acc,32.353
Epoch,673,train loss,26.5467,train acc,36.75,val loss,168.6357,val acc,26.47,best val acc,32.353
Epoch,674,train loss,26.5467,train acc,36.75,val loss,168.6369,val acc,26.47,best val acc,32.353
Epoch,675,train loss,26.5464,train acc,36.75,val loss,168.6363,val acc,26.47,best val acc,32.353
Epoch,676,train loss,26.5465,train acc,36.75,val loss,168.6369,val acc,26.47,best val acc,32.353
Epoch,677,train loss,26.5463,train acc,36.75,val loss,168.6353,val acc,26.47,best val acc,32.353
Epoch,678,train loss,26.5461,train acc,36.75,val loss,168.6345,val acc,26.47,best val acc,32.353
Epoch,679,train loss,26.5461,train acc,36.75,val loss,168.6332,val acc,26.47,best val acc,32.353
Epoch,680,train loss,26.5460,train acc,36.75,val loss,168.6328,val acc,26.47,best val acc,32.353
Epoch,681,train loss,26.5460,train acc,36.75,val loss,168.6321,val acc,26.47,best val acc,32.353
Epoch,682,train loss,26.5459,train acc,36.75,val loss,168.6301,val acc,26.47,best val acc,32.353
Epoch,683,train loss,26.5458,train acc,36.75,val loss,168.6301,val acc,26.47,best val acc,32.353
Epoch,684,train loss,26.5458,train acc,36.75,val loss,168.6288,val acc,26.47,best val acc,32.353
Epoch,685,train loss,26.5457,train acc,36.75,val loss,168.6282,val acc,26.47,best val acc,32.353
Epoch,686,train loss,26.5458,train acc,36.75,val loss,168.6287,val acc,26.47,best val acc,32.353
Epoch,687,train loss,26.5456,train acc,36.75,val loss,168.6278,val acc,26.47,best val acc,32.353
Epoch,688,train loss,26.5458,train acc,36.75,val loss,168.6288,val acc,26.47,best val acc,32.353
Epoch,689,train loss,26.5455,train acc,36.75,val loss,168.6289,val acc,26.47,best val acc,32.353
Epoch,690,train loss,26.5456,train acc,36.75,val loss,168.6284,val acc,26.47,best val acc,32.353
Epoch,691,train loss,26.5454,train acc,36.75,val loss,168.6288,val acc,26.47,best val acc,32.353
Epoch,692,train loss,26.5458,train acc,36.75,val loss,168.6295,val acc,26.47,best val acc,32.353
Epoch,693,train loss,26.5453,train acc,36.75,val loss,168.6297,val acc,26.47,best val acc,32.353
Epoch,694,train loss,26.5452,train acc,36.75,val loss,168.6279,val acc,26.47,best val acc,32.353
Epoch,695,train loss,26.5454,train acc,36.75,val loss,168.6265,val acc,26.47,best val acc,32.353
Epoch,696,train loss,26.5451,train acc,36.75,val loss,168.6268,val acc,26.47,best val acc,32.353
Epoch,697,train loss,26.5450,train acc,36.75,val loss,168.6265,val acc,26.47,best val acc,32.353
Epoch,698,train loss,26.5449,train acc,36.75,val loss,168.6270,val acc,26.47,best val acc,32.353
Epoch,699,train loss,26.5452,train acc,35.90,val loss,168.6293,val acc,26.47,best val acc,32.353
Epoch,700,train loss,26.5451,train acc,36.75,val loss,168.6317,val acc,26.47,best val acc,32.353
Epoch,701,train loss,26.5448,train acc,36.75,val loss,168.6321,val acc,26.47,best val acc,32.353
Epoch,702,train loss,26.5448,train acc,36.75,val loss,168.6305,val acc,26.47,best val acc,32.353
Epoch,703,train loss,26.5446,train acc,36.75,val loss,168.6308,val acc,26.47,best val acc,32.353
Epoch,704,train loss,26.5443,train acc,36.75,val loss,168.6306,val acc,26.47,best val acc,32.353
Epoch,705,train loss,26.5443,train acc,36.75,val loss,168.6304,val acc,26.47,best val acc,32.353
Epoch,706,train loss,26.5444,train acc,36.75,val loss,168.6302,val acc,26.47,best val acc,32.353
Epoch,707,train loss,26.5444,train acc,35.90,val loss,168.6284,val acc,26.47,best val acc,32.353
Epoch,708,train loss,26.5447,train acc,36.75,val loss,168.6261,val acc,26.47,best val acc,32.353
Epoch,709,train loss,26.5441,train acc,36.75,val loss,168.6276,val acc,26.47,best val acc,32.353
Epoch,710,train loss,26.5441,train acc,36.75,val loss,168.6281,val acc,26.47,best val acc,32.353
Epoch,711,train loss,26.5439,train acc,36.75,val loss,168.6283,val acc,26.47,best val acc,32.353
Epoch,712,train loss,26.5439,train acc,36.75,val loss,168.6275,val acc,26.47,best val acc,32.353
Epoch,713,train loss,26.5439,train acc,36.75,val loss,168.6265,val acc,26.47,best val acc,32.353
Epoch,714,train loss,26.5441,train acc,36.75,val loss,168.6259,val acc,26.47,best val acc,32.353
Epoch,715,train loss,26.5437,train acc,36.75,val loss,168.6269,val acc,26.47,best val acc,32.353
Epoch,716,train loss,26.5441,train acc,35.90,val loss,168.6298,val acc,26.47,best val acc,32.353
Epoch,717,train loss,26.5435,train acc,36.75,val loss,168.6306,val acc,26.47,best val acc,32.353
Epoch,718,train loss,26.5435,train acc,36.75,val loss,168.6310,val acc,26.47,best val acc,32.353
Epoch,719,train loss,26.5433,train acc,36.75,val loss,168.6313,val acc,26.47,best val acc,32.353
Epoch,720,train loss,26.5435,train acc,36.75,val loss,168.6330,val acc,26.47,best val acc,32.353
Epoch,721,train loss,26.5431,train acc,36.75,val loss,168.6328,val acc,26.47,best val acc,32.353
Epoch,722,train loss,26.5431,train acc,36.75,val loss,168.6324,val acc,26.47,best val acc,32.353
Epoch,723,train loss,26.5431,train acc,36.75,val loss,168.6322,val acc,26.47,best val acc,32.353
Epoch,724,train loss,26.5429,train acc,36.75,val loss,168.6311,val acc,26.47,best val acc,32.353
Epoch,725,train loss,26.5429,train acc,36.75,val loss,168.6301,val acc,26.47,best val acc,32.353
Epoch,726,train loss,26.5432,train acc,36.75,val loss,168.6310,val acc,26.47,best val acc,32.353
Epoch,727,train loss,26.5430,train acc,36.75,val loss,168.6288,val acc,26.47,best val acc,32.353
Epoch,728,train loss,26.5427,train acc,36.75,val loss,168.6279,val acc,26.47,best val acc,32.353
Epoch,729,train loss,26.5430,train acc,35.90,val loss,168.6266,val acc,26.47,best val acc,32.353
Epoch,730,train loss,26.5426,train acc,36.75,val loss,168.6264,val acc,26.47,best val acc,32.353
Epoch,731,train loss,26.5430,train acc,36.75,val loss,168.6266,val acc,26.47,best val acc,32.353
Epoch,732,train loss,26.5424,train acc,36.75,val loss,168.6275,val acc,26.47,best val acc,32.353
Epoch,733,train loss,26.5426,train acc,36.75,val loss,168.6298,val acc,26.47,best val acc,32.353
Epoch,734,train loss,26.5423,train acc,36.75,val loss,168.6306,val acc,26.47,best val acc,32.353
Epoch,735,train loss,26.5422,train acc,36.75,val loss,168.6315,val acc,26.47,best val acc,32.353
Epoch,736,train loss,26.5421,train acc,36.75,val loss,168.6316,val acc,26.47,best val acc,32.353
Epoch,737,train loss,26.5422,train acc,36.75,val loss,168.6318,val acc,26.47,best val acc,32.353
Epoch,738,train loss,26.5420,train acc,36.75,val loss,168.6311,val acc,26.47,best val acc,32.353
Epoch,739,train loss,26.5425,train acc,36.75,val loss,168.6292,val acc,26.47,best val acc,32.353
Epoch,740,train loss,26.5419,train acc,36.75,val loss,168.6291,val acc,26.47,best val acc,32.353
Epoch,741,train loss,26.5419,train acc,36.75,val loss,168.6299,val acc,26.47,best val acc,32.353
Epoch,742,train loss,26.5418,train acc,36.75,val loss,168.6299,val acc,26.47,best val acc,32.353
Epoch,743,train loss,26.5418,train acc,36.75,val loss,168.6291,val acc,26.47,best val acc,32.353
Epoch,744,train loss,26.5416,train acc,36.75,val loss,168.6294,val acc,26.47,best val acc,32.353
Epoch,745,train loss,26.5415,train acc,36.75,val loss,168.6286,val acc,26.47,best val acc,32.353
Epoch,746,train loss,26.5414,train acc,36.75,val loss,168.6278,val acc,26.47,best val acc,32.353
Epoch,747,train loss,26.5414,train acc,36.75,val loss,168.6279,val acc,26.47,best val acc,32.353
Epoch,748,train loss,26.5412,train acc,36.75,val loss,168.6272,val acc,26.47,best val acc,32.353
Epoch,749,train loss,26.5415,train acc,36.75,val loss,168.6257,val acc,26.47,best val acc,32.353
Epoch,750,train loss,26.5412,train acc,36.75,val loss,168.6263,val acc,26.47,best val acc,32.353
Epoch,751,train loss,26.5410,train acc,36.75,val loss,168.6269,val acc,26.47,best val acc,32.353
Epoch,752,train loss,26.5410,train acc,36.75,val loss,168.6279,val acc,26.47,best val acc,32.353
Epoch,753,train loss,26.5410,train acc,36.75,val loss,168.6291,val acc,26.47,best val acc,32.353
Epoch,754,train loss,26.5410,train acc,36.75,val loss,168.6283,val acc,26.47,best val acc,32.353
Epoch,755,train loss,26.5408,train acc,36.75,val loss,168.6286,val acc,26.47,best val acc,32.353
Epoch,756,train loss,26.5410,train acc,36.75,val loss,168.6276,val acc,26.47,best val acc,32.353
Epoch,757,train loss,26.5407,train acc,36.75,val loss,168.6282,val acc,26.47,best val acc,32.353
Epoch,758,train loss,26.5407,train acc,37.61,val loss,168.6291,val acc,26.47,best val acc,32.353
Epoch,759,train loss,26.5406,train acc,35.90,val loss,168.6286,val acc,26.47,best val acc,32.353
Epoch,760,train loss,26.5405,train acc,36.75,val loss,168.6287,val acc,26.47,best val acc,32.353
Epoch,761,train loss,26.5404,train acc,36.75,val loss,168.6295,val acc,26.47,best val acc,32.353
Epoch,762,train loss,26.5410,train acc,36.75,val loss,168.6308,val acc,26.47,best val acc,32.353
Epoch,763,train loss,26.5410,train acc,36.75,val loss,168.6284,val acc,26.47,best val acc,32.353
Epoch,764,train loss,26.5404,train acc,36.75,val loss,168.6290,val acc,26.47,best val acc,32.353
Epoch,765,train loss,26.5402,train acc,36.75,val loss,168.6287,val acc,26.47,best val acc,32.353
Epoch,766,train loss,26.5402,train acc,36.75,val loss,168.6281,val acc,26.47,best val acc,32.353
Epoch,767,train loss,26.5401,train acc,35.90,val loss,168.6294,val acc,26.47,best val acc,32.353
Epoch,768,train loss,26.5402,train acc,35.90,val loss,168.6302,val acc,26.47,best val acc,32.353
Epoch,769,train loss,26.5401,train acc,36.75,val loss,168.6294,val acc,26.47,best val acc,32.353
Epoch,770,train loss,26.5398,train acc,36.75,val loss,168.6295,val acc,26.47,best val acc,32.353
Epoch,771,train loss,26.5398,train acc,36.75,val loss,168.6290,val acc,26.47,best val acc,32.353
Epoch,772,train loss,26.5397,train acc,36.75,val loss,168.6293,val acc,26.47,best val acc,32.353
Epoch,773,train loss,26.5396,train acc,36.75,val loss,168.6300,val acc,26.47,best val acc,32.353
Epoch,774,train loss,26.5395,train acc,36.75,val loss,168.6309,val acc,26.47,best val acc,32.353
Epoch,775,train loss,26.5394,train acc,35.90,val loss,168.6310,val acc,26.47,best val acc,32.353
Epoch,776,train loss,26.5395,train acc,35.90,val loss,168.6320,val acc,26.47,best val acc,32.353
Epoch,777,train loss,26.5393,train acc,36.75,val loss,168.6321,val acc,26.47,best val acc,32.353
Epoch,778,train loss,26.5392,train acc,36.75,val loss,168.6333,val acc,26.47,best val acc,32.353
Epoch,779,train loss,26.5392,train acc,36.75,val loss,168.6339,val acc,26.47,best val acc,32.353
Epoch,780,train loss,26.5393,train acc,36.75,val loss,168.6350,val acc,26.47,best val acc,32.353
Epoch,781,train loss,26.5392,train acc,36.75,val loss,168.6346,val acc,26.47,best val acc,32.353
Epoch,782,train loss,26.5390,train acc,36.75,val loss,168.6338,val acc,26.47,best val acc,32.353
Epoch,783,train loss,26.5392,train acc,36.75,val loss,168.6340,val acc,26.47,best val acc,32.353
Epoch,784,train loss,26.5389,train acc,36.75,val loss,168.6326,val acc,26.47,best val acc,32.353
Epoch,785,train loss,26.5388,train acc,36.75,val loss,168.6310,val acc,26.47,best val acc,32.353
Epoch,786,train loss,26.5388,train acc,36.75,val loss,168.6296,val acc,26.47,best val acc,32.353
Epoch,787,train loss,26.5388,train acc,35.90,val loss,168.6267,val acc,26.47,best val acc,32.353
Epoch,788,train loss,26.5387,train acc,36.75,val loss,168.6244,val acc,26.47,best val acc,32.353
Epoch,789,train loss,26.5387,train acc,36.75,val loss,168.6237,val acc,26.47,best val acc,32.353
Epoch,790,train loss,26.5389,train acc,36.75,val loss,168.6213,val acc,26.47,best val acc,32.353
Epoch,791,train loss,26.5389,train acc,36.75,val loss,168.6202,val acc,26.47,best val acc,32.353
Epoch,792,train loss,26.5384,train acc,36.75,val loss,168.6205,val acc,26.47,best val acc,32.353
Epoch,793,train loss,26.5384,train acc,36.75,val loss,168.6216,val acc,26.47,best val acc,32.353
Epoch,794,train loss,26.5380,train acc,36.75,val loss,168.6234,val acc,26.47,best val acc,32.353
Epoch,795,train loss,26.5380,train acc,36.75,val loss,168.6252,val acc,26.47,best val acc,32.353
Epoch,796,train loss,26.5378,train acc,36.75,val loss,168.6262,val acc,26.47,best val acc,32.353
Epoch,797,train loss,26.5382,train acc,36.75,val loss,168.6279,val acc,26.47,best val acc,32.353
Epoch,798,train loss,26.5382,train acc,36.75,val loss,168.6293,val acc,26.47,best val acc,32.353
Epoch,799,train loss,26.5377,train acc,36.75,val loss,168.6283,val acc,26.47,best val acc,32.353
Epoch,800,train loss,26.5379,train acc,36.75,val loss,168.6265,val acc,26.47,best val acc,32.353
Epoch,801,train loss,26.5376,train acc,36.75,val loss,168.6264,val acc,26.47,best val acc,32.353
Epoch,802,train loss,26.5376,train acc,36.75,val loss,168.6264,val acc,26.47,best val acc,32.353
Epoch,803,train loss,26.5375,train acc,36.75,val loss,168.6265,val acc,26.47,best val acc,32.353
Epoch,804,train loss,26.5376,train acc,36.75,val loss,168.6260,val acc,26.47,best val acc,32.353
Epoch,805,train loss,26.5376,train acc,36.75,val loss,168.6259,val acc,26.47,best val acc,32.353
Epoch,806,train loss,26.5375,train acc,36.75,val loss,168.6261,val acc,26.47,best val acc,32.353
Epoch,807,train loss,26.5376,train acc,36.75,val loss,168.6262,val acc,26.47,best val acc,32.353
Epoch,808,train loss,26.5375,train acc,36.75,val loss,168.6260,val acc,26.47,best val acc,32.353
Epoch,809,train loss,26.5375,train acc,36.75,val loss,168.6261,val acc,26.47,best val acc,32.353
Epoch,810,train loss,26.5375,train acc,36.75,val loss,168.6261,val acc,26.47,best val acc,32.353
Epoch,811,train loss,26.5375,train acc,36.75,val loss,168.6260,val acc,26.47,best val acc,32.353
Epoch,812,train loss,26.5376,train acc,36.75,val loss,168.6261,val acc,26.47,best val acc,32.353
Epoch,813,train loss,26.5375,train acc,36.75,val loss,168.6260,val acc,26.47,best val acc,32.353
Epoch,814,train loss,26.5375,train acc,36.75,val loss,168.6261,val acc,26.47,best val acc,32.353
Epoch,815,train loss,26.5375,train acc,36.75,val loss,168.6260,val acc,26.47,best val acc,32.353
Epoch,816,train loss,26.5375,train acc,36.75,val loss,168.6258,val acc,26.47,best val acc,32.353
Epoch,817,train loss,26.5374,train acc,36.75,val loss,168.6257,val acc,26.47,best val acc,32.353
Epoch,818,train loss,26.5375,train acc,36.75,val loss,168.6259,val acc,26.47,best val acc,32.353
Epoch,819,train loss,26.5375,train acc,36.75,val loss,168.6258,val acc,26.47,best val acc,32.353
Epoch,820,train loss,26.5374,train acc,36.75,val loss,168.6257,val acc,26.47,best val acc,32.353
Epoch,821,train loss,26.5374,train acc,36.75,val loss,168.6258,val acc,26.47,best val acc,32.353
Epoch,822,train loss,26.5374,train acc,36.75,val loss,168.6256,val acc,26.47,best val acc,32.353
Epoch,823,train loss,26.5375,train acc,36.75,val loss,168.6255,val acc,26.47,best val acc,32.353
Epoch,824,train loss,26.5375,train acc,36.75,val loss,168.6255,val acc,26.47,best val acc,32.353
Epoch,825,train loss,26.5374,train acc,36.75,val loss,168.6255,val acc,26.47,best val acc,32.353
Epoch,826,train loss,26.5374,train acc,36.75,val loss,168.6255,val acc,26.47,best val acc,32.353
Epoch,827,train loss,26.5375,train acc,36.75,val loss,168.6254,val acc,26.47,best val acc,32.353
Epoch,828,train loss,26.5374,train acc,36.75,val loss,168.6254,val acc,26.47,best val acc,32.353
Epoch,829,train loss,26.5374,train acc,36.75,val loss,168.6258,val acc,26.47,best val acc,32.353
Epoch,830,train loss,26.5374,train acc,36.75,val loss,168.6257,val acc,26.47,best val acc,32.353
Epoch,831,train loss,26.5374,train acc,36.75,val loss,168.6255,val acc,26.47,best val acc,32.353
Epoch,832,train loss,26.5374,train acc,36.75,val loss,168.6256,val acc,26.47,best val acc,32.353
Epoch,833,train loss,26.5374,train acc,36.75,val loss,168.6254,val acc,26.47,best val acc,32.353
Epoch,834,train loss,26.5374,train acc,36.75,val loss,168.6254,val acc,26.47,best val acc,32.353
Epoch,835,train loss,26.5374,train acc,36.75,val loss,168.6251,val acc,26.47,best val acc,32.353
Epoch,836,train loss,26.5374,train acc,36.75,val loss,168.6253,val acc,26.47,best val acc,32.353
Epoch,837,train loss,26.5373,train acc,36.75,val loss,168.6253,val acc,26.47,best val acc,32.353
Epoch,838,train loss,26.5374,train acc,36.75,val loss,168.6254,val acc,26.47,best val acc,32.353
Epoch,839,train loss,26.5374,train acc,36.75,val loss,168.6253,val acc,26.47,best val acc,32.353
Epoch,840,train loss,26.5373,train acc,36.75,val loss,168.6249,val acc,26.47,best val acc,32.353
Epoch,841,train loss,26.5373,train acc,36.75,val loss,168.6250,val acc,26.47,best val acc,32.353
Epoch,842,train loss,26.5373,train acc,36.75,val loss,168.6248,val acc,26.47,best val acc,32.353
Epoch,843,train loss,26.5373,train acc,36.75,val loss,168.6249,val acc,26.47,best val acc,32.353
Epoch,844,train loss,26.5373,train acc,36.75,val loss,168.6247,val acc,26.47,best val acc,32.353
Epoch,845,train loss,26.5372,train acc,36.75,val loss,168.6246,val acc,26.47,best val acc,32.353
Epoch,846,train loss,26.5373,train acc,36.75,val loss,168.6243,val acc,26.47,best val acc,32.353
Epoch,847,train loss,26.5373,train acc,36.75,val loss,168.6244,val acc,26.47,best val acc,32.353
Epoch,848,train loss,26.5372,train acc,36.75,val loss,168.6246,val acc,26.47,best val acc,32.353
Epoch,849,train loss,26.5373,train acc,36.75,val loss,168.6244,val acc,26.47,best val acc,32.353
Epoch,850,train loss,26.5372,train acc,36.75,val loss,168.6243,val acc,26.47,best val acc,32.353
Epoch,851,train loss,26.5372,train acc,36.75,val loss,168.6242,val acc,26.47,best val acc,32.353
Epoch,852,train loss,26.5372,train acc,36.75,val loss,168.6240,val acc,26.47,best val acc,32.353
Epoch,853,train loss,26.5373,train acc,36.75,val loss,168.6240,val acc,26.47,best val acc,32.353
Epoch,854,train loss,26.5372,train acc,36.75,val loss,168.6241,val acc,26.47,best val acc,32.353
Epoch,855,train loss,26.5372,train acc,36.75,val loss,168.6241,val acc,26.47,best val acc,32.353
Epoch,856,train loss,26.5372,train acc,36.75,val loss,168.6237,val acc,26.47,best val acc,32.353
Epoch,857,train loss,26.5372,train acc,36.75,val loss,168.6237,val acc,26.47,best val acc,32.353
Epoch,858,train loss,26.5372,train acc,36.75,val loss,168.6236,val acc,26.47,best val acc,32.353
Epoch,859,train loss,26.5371,train acc,36.75,val loss,168.6234,val acc,26.47,best val acc,32.353
Epoch,860,train loss,26.5372,train acc,36.75,val loss,168.6234,val acc,26.47,best val acc,32.353
Epoch,861,train loss,26.5371,train acc,36.75,val loss,168.6232,val acc,26.47,best val acc,32.353
Epoch,862,train loss,26.5372,train acc,36.75,val loss,168.6232,val acc,26.47,best val acc,32.353
Epoch,863,train loss,26.5373,train acc,36.75,val loss,168.6235,val acc,26.47,best val acc,32.353
Epoch,864,train loss,26.5371,train acc,36.75,val loss,168.6233,val acc,26.47,best val acc,32.353
Epoch,865,train loss,26.5371,train acc,36.75,val loss,168.6230,val acc,26.47,best val acc,32.353
Epoch,866,train loss,26.5371,train acc,36.75,val loss,168.6234,val acc,26.47,best val acc,32.353
Epoch,867,train loss,26.5373,train acc,36.75,val loss,168.6229,val acc,26.47,best val acc,32.353
Epoch,868,train loss,26.5371,train acc,36.75,val loss,168.6229,val acc,26.47,best val acc,32.353
Epoch,869,train loss,26.5372,train acc,36.75,val loss,168.6230,val acc,26.47,best val acc,32.353
Epoch,870,train loss,26.5371,train acc,36.75,val loss,168.6229,val acc,26.47,best val acc,32.353
Epoch,871,train loss,26.5371,train acc,36.75,val loss,168.6226,val acc,26.47,best val acc,32.353
Epoch,872,train loss,26.5371,train acc,36.75,val loss,168.6226,val acc,26.47,best val acc,32.353
Epoch,873,train loss,26.5371,train acc,36.75,val loss,168.6228,val acc,26.47,best val acc,32.353
Epoch,874,train loss,26.5370,train acc,36.75,val loss,168.6226,val acc,26.47,best val acc,32.353
Epoch,875,train loss,26.5370,train acc,36.75,val loss,168.6225,val acc,26.47,best val acc,32.353
Epoch,876,train loss,26.5371,train acc,36.75,val loss,168.6226,val acc,26.47,best val acc,32.353
Epoch,877,train loss,26.5371,train acc,36.75,val loss,168.6225,val acc,26.47,best val acc,32.353
Epoch,878,train loss,26.5370,train acc,36.75,val loss,168.6225,val acc,26.47,best val acc,32.353
Epoch,879,train loss,26.5371,train acc,36.75,val loss,168.6223,val acc,26.47,best val acc,32.353
Epoch,880,train loss,26.5371,train acc,36.75,val loss,168.6225,val acc,26.47,best val acc,32.353
Epoch,881,train loss,26.5371,train acc,36.75,val loss,168.6223,val acc,26.47,best val acc,32.353
Epoch,882,train loss,26.5370,train acc,36.75,val loss,168.6222,val acc,26.47,best val acc,32.353
Epoch,883,train loss,26.5371,train acc,36.75,val loss,168.6223,val acc,26.47,best val acc,32.353
Epoch,884,train loss,26.5370,train acc,36.75,val loss,168.6222,val acc,26.47,best val acc,32.353
Epoch,885,train loss,26.5370,train acc,36.75,val loss,168.6222,val acc,26.47,best val acc,32.353
Epoch,886,train loss,26.5370,train acc,36.75,val loss,168.6221,val acc,26.47,best val acc,32.353
Epoch,887,train loss,26.5370,train acc,36.75,val loss,168.6218,val acc,26.47,best val acc,32.353
Epoch,888,train loss,26.5370,train acc,36.75,val loss,168.6218,val acc,26.47,best val acc,32.353
Epoch,889,train loss,26.5369,train acc,36.75,val loss,168.6220,val acc,26.47,best val acc,32.353
Epoch,890,train loss,26.5370,train acc,36.75,val loss,168.6221,val acc,26.47,best val acc,32.353
Epoch,891,train loss,26.5370,train acc,36.75,val loss,168.6221,val acc,26.47,best val acc,32.353
Epoch,892,train loss,26.5370,train acc,36.75,val loss,168.6217,val acc,26.47,best val acc,32.353
Epoch,893,train loss,26.5370,train acc,36.75,val loss,168.6217,val acc,26.47,best val acc,32.353
Epoch,894,train loss,26.5370,train acc,36.75,val loss,168.6217,val acc,26.47,best val acc,32.353
Epoch,895,train loss,26.5370,train acc,36.75,val loss,168.6218,val acc,26.47,best val acc,32.353
Epoch,896,train loss,26.5370,train acc,36.75,val loss,168.6220,val acc,26.47,best val acc,32.353
Epoch,897,train loss,26.5370,train acc,36.75,val loss,168.6217,val acc,26.47,best val acc,32.353
Epoch,898,train loss,26.5369,train acc,36.75,val loss,168.6215,val acc,26.47,best val acc,32.353
Epoch,899,train loss,26.5369,train acc,36.75,val loss,168.6215,val acc,26.47,best val acc,32.353
Epoch,900,train loss,26.5369,train acc,36.75,val loss,168.6215,val acc,26.47,best val acc,32.353
Epoch,901,train loss,26.5369,train acc,36.75,val loss,168.6216,val acc,26.47,best val acc,32.353
Epoch,902,train loss,26.5369,train acc,36.75,val loss,168.6213,val acc,26.47,best val acc,32.353
Epoch,903,train loss,26.5370,train acc,36.75,val loss,168.6213,val acc,26.47,best val acc,32.353
Epoch,904,train loss,26.5369,train acc,36.75,val loss,168.6213,val acc,26.47,best val acc,32.353
Epoch,905,train loss,26.5369,train acc,36.75,val loss,168.6214,val acc,26.47,best val acc,32.353
Epoch,906,train loss,26.5368,train acc,36.75,val loss,168.6211,val acc,26.47,best val acc,32.353
Epoch,907,train loss,26.5369,train acc,36.75,val loss,168.6212,val acc,26.47,best val acc,32.353
Epoch,908,train loss,26.5368,train acc,36.75,val loss,168.6217,val acc,26.47,best val acc,32.353
Epoch,909,train loss,26.5369,train acc,36.75,val loss,168.6216,val acc,26.47,best val acc,32.353
Epoch,910,train loss,26.5369,train acc,36.75,val loss,168.6214,val acc,26.47,best val acc,32.353
Epoch,911,train loss,26.5368,train acc,36.75,val loss,168.6213,val acc,26.47,best val acc,32.353
Epoch,912,train loss,26.5369,train acc,36.75,val loss,168.6216,val acc,26.47,best val acc,32.353
Epoch,913,train loss,26.5369,train acc,36.75,val loss,168.6219,val acc,26.47,best val acc,32.353
Epoch,914,train loss,26.5369,train acc,36.75,val loss,168.6221,val acc,26.47,best val acc,32.353
Epoch,915,train loss,26.5369,train acc,36.75,val loss,168.6216,val acc,26.47,best val acc,32.353
Epoch,916,train loss,26.5369,train acc,36.75,val loss,168.6216,val acc,26.47,best val acc,32.353
Epoch,917,train loss,26.5369,train acc,36.75,val loss,168.6215,val acc,26.47,best val acc,32.353
Epoch,918,train loss,26.5368,train acc,36.75,val loss,168.6216,val acc,26.47,best val acc,32.353
Epoch,919,train loss,26.5368,train acc,36.75,val loss,168.6215,val acc,26.47,best val acc,32.353
Epoch,920,train loss,26.5368,train acc,36.75,val loss,168.6212,val acc,26.47,best val acc,32.353
Epoch,921,train loss,26.5369,train acc,36.75,val loss,168.6213,val acc,26.47,best val acc,32.353
Epoch,922,train loss,26.5368,train acc,36.75,val loss,168.6209,val acc,26.47,best val acc,32.353
Epoch,923,train loss,26.5368,train acc,36.75,val loss,168.6210,val acc,26.47,best val acc,32.353
Epoch,924,train loss,26.5368,train acc,36.75,val loss,168.6208,val acc,26.47,best val acc,32.353
Epoch,925,train loss,26.5368,train acc,36.75,val loss,168.6208,val acc,26.47,best val acc,32.353
Epoch,926,train loss,26.5368,train acc,36.75,val loss,168.6210,val acc,26.47,best val acc,32.353
Epoch,927,train loss,26.5368,train acc,36.75,val loss,168.6210,val acc,26.47,best val acc,32.353
Epoch,928,train loss,26.5368,train acc,36.75,val loss,168.6210,val acc,26.47,best val acc,32.353
Epoch,929,train loss,26.5368,train acc,36.75,val loss,168.6210,val acc,26.47,best val acc,32.353
Epoch,930,train loss,26.5367,train acc,36.75,val loss,168.6209,val acc,26.47,best val acc,32.353
Epoch,931,train loss,26.5368,train acc,36.75,val loss,168.6210,val acc,26.47,best val acc,32.353
Epoch,932,train loss,26.5367,train acc,36.75,val loss,168.6211,val acc,26.47,best val acc,32.353
Epoch,933,train loss,26.5368,train acc,36.75,val loss,168.6209,val acc,26.47,best val acc,32.353
Epoch,934,train loss,26.5368,train acc,36.75,val loss,168.6208,val acc,26.47,best val acc,32.353
Epoch,935,train loss,26.5368,train acc,36.75,val loss,168.6207,val acc,26.47,best val acc,32.353
Epoch,936,train loss,26.5367,train acc,36.75,val loss,168.6204,val acc,26.47,best val acc,32.353
Epoch,937,train loss,26.5367,train acc,36.75,val loss,168.6202,val acc,26.47,best val acc,32.353
Epoch,938,train loss,26.5367,train acc,36.75,val loss,168.6205,val acc,26.47,best val acc,32.353
Epoch,939,train loss,26.5367,train acc,36.75,val loss,168.6207,val acc,26.47,best val acc,32.353
Epoch,940,train loss,26.5367,train acc,36.75,val loss,168.6206,val acc,26.47,best val acc,32.353
Epoch,941,train loss,26.5367,train acc,36.75,val loss,168.6206,val acc,26.47,best val acc,32.353
Epoch,942,train loss,26.5367,train acc,36.75,val loss,168.6206,val acc,26.47,best val acc,32.353
Epoch,943,train loss,26.5367,train acc,36.75,val loss,168.6203,val acc,26.47,best val acc,32.353
Epoch,944,train loss,26.5367,train acc,36.75,val loss,168.6205,val acc,26.47,best val acc,32.353
Epoch,945,train loss,26.5366,train acc,36.75,val loss,168.6204,val acc,26.47,best val acc,32.353
Epoch,946,train loss,26.5366,train acc,36.75,val loss,168.6203,val acc,26.47,best val acc,32.353
Epoch,947,train loss,26.5366,train acc,36.75,val loss,168.6201,val acc,26.47,best val acc,32.353
Epoch,948,train loss,26.5367,train acc,36.75,val loss,168.6202,val acc,26.47,best val acc,32.353
Epoch,949,train loss,26.5366,train acc,36.75,val loss,168.6201,val acc,26.47,best val acc,32.353
Epoch,950,train loss,26.5366,train acc,36.75,val loss,168.6202,val acc,26.47,best val acc,32.353
Epoch,951,train loss,26.5366,train acc,36.75,val loss,168.6201,val acc,26.47,best val acc,32.353
Epoch,952,train loss,26.5367,train acc,35.90,val loss,168.6197,val acc,26.47,best val acc,32.353
Epoch,953,train loss,26.5366,train acc,35.90,val loss,168.6199,val acc,26.47,best val acc,32.353
Epoch,954,train loss,26.5365,train acc,35.90,val loss,168.6197,val acc,26.47,best val acc,32.353
Epoch,955,train loss,26.5366,train acc,36.75,val loss,168.6198,val acc,26.47,best val acc,32.353
Epoch,956,train loss,26.5366,train acc,36.75,val loss,168.6197,val acc,26.47,best val acc,32.353
Epoch,957,train loss,26.5365,train acc,36.75,val loss,168.6198,val acc,26.47,best val acc,32.353
Epoch,958,train loss,26.5366,train acc,36.75,val loss,168.6198,val acc,26.47,best val acc,32.353
Epoch,959,train loss,26.5365,train acc,36.75,val loss,168.6196,val acc,26.47,best val acc,32.353
Epoch,960,train loss,26.5366,train acc,36.75,val loss,168.6194,val acc,26.47,best val acc,32.353
Epoch,961,train loss,26.5365,train acc,36.75,val loss,168.6195,val acc,26.47,best val acc,32.353
Epoch,962,train loss,26.5365,train acc,36.75,val loss,168.6194,val acc,26.47,best val acc,32.353
Epoch,963,train loss,26.5366,train acc,35.90,val loss,168.6197,val acc,26.47,best val acc,32.353
Epoch,964,train loss,26.5366,train acc,36.75,val loss,168.6195,val acc,26.47,best val acc,32.353
Epoch,965,train loss,26.5366,train acc,36.75,val loss,168.6195,val acc,26.47,best val acc,32.353
Epoch,966,train loss,26.5365,train acc,36.75,val loss,168.6193,val acc,26.47,best val acc,32.353
Epoch,967,train loss,26.5365,train acc,36.75,val loss,168.6194,val acc,26.47,best val acc,32.353
Epoch,968,train loss,26.5365,train acc,36.75,val loss,168.6191,val acc,26.47,best val acc,32.353
Epoch,969,train loss,26.5365,train acc,36.75,val loss,168.6188,val acc,26.47,best val acc,32.353
Epoch,970,train loss,26.5365,train acc,36.75,val loss,168.6188,val acc,26.47,best val acc,32.353
Epoch,971,train loss,26.5365,train acc,36.75,val loss,168.6187,val acc,26.47,best val acc,32.353
Epoch,972,train loss,26.5365,train acc,36.75,val loss,168.6185,val acc,26.47,best val acc,32.353
Epoch,973,train loss,26.5364,train acc,36.75,val loss,168.6185,val acc,26.47,best val acc,32.353
Epoch,974,train loss,26.5364,train acc,36.75,val loss,168.6185,val acc,26.47,best val acc,32.353
Epoch,975,train loss,26.5365,train acc,36.75,val loss,168.6183,val acc,26.47,best val acc,32.353
Epoch,976,train loss,26.5365,train acc,36.75,val loss,168.6180,val acc,26.47,best val acc,32.353
Epoch,977,train loss,26.5364,train acc,36.75,val loss,168.6178,val acc,26.47,best val acc,32.353
Epoch,978,train loss,26.5365,train acc,36.75,val loss,168.6180,val acc,26.47,best val acc,32.353
Epoch,979,train loss,26.5365,train acc,36.75,val loss,168.6182,val acc,26.47,best val acc,32.353
Epoch,980,train loss,26.5364,train acc,36.75,val loss,168.6181,val acc,26.47,best val acc,32.353
Epoch,981,train loss,26.5365,train acc,36.75,val loss,168.6181,val acc,26.47,best val acc,32.353
Epoch,982,train loss,26.5364,train acc,36.75,val loss,168.6180,val acc,26.47,best val acc,32.353
Epoch,983,train loss,26.5364,train acc,36.75,val loss,168.6179,val acc,26.47,best val acc,32.353
Epoch,984,train loss,26.5365,train acc,36.75,val loss,168.6183,val acc,26.47,best val acc,32.353
Epoch,985,train loss,26.5364,train acc,36.75,val loss,168.6179,val acc,26.47,best val acc,32.353
Epoch,986,train loss,26.5364,train acc,36.75,val loss,168.6181,val acc,26.47,best val acc,32.353
Epoch,987,train loss,26.5365,train acc,36.75,val loss,168.6183,val acc,26.47,best val acc,32.353
Epoch,988,train loss,26.5364,train acc,36.75,val loss,168.6179,val acc,26.47,best val acc,32.353
Epoch,989,train loss,26.5364,train acc,36.75,val loss,168.6179,val acc,26.47,best val acc,32.353
Epoch,990,train loss,26.5364,train acc,36.75,val loss,168.6181,val acc,26.47,best val acc,32.353
Epoch,991,train loss,26.5364,train acc,36.75,val loss,168.6180,val acc,26.47,best val acc,32.353
Epoch,992,train loss,26.5364,train acc,36.75,val loss,168.6179,val acc,26.47,best val acc,32.353
Epoch,993,train loss,26.5364,train acc,36.75,val loss,168.6179,val acc,26.47,best val acc,32.353
Epoch,994,train loss,26.5364,train acc,36.75,val loss,168.6178,val acc,26.47,best val acc,32.353
Epoch,995,train loss,26.5364,train acc,36.75,val loss,168.6184,val acc,26.47,best val acc,32.353
Epoch,996,train loss,26.5364,train acc,36.75,val loss,168.6179,val acc,26.47,best val acc,32.353
Epoch,997,train loss,26.5364,train acc,36.75,val loss,168.6177,val acc,26.47,best val acc,32.353
Epoch,998,train loss,26.5363,train acc,36.75,val loss,168.6176,val acc,26.47,best val acc,32.353
Epoch,999,train loss,26.5364,train acc,36.75,val loss,168.6175,val acc,26.47,best val acc,32.353
Epoch,1000,train loss,26.5363,train acc,36.75,val loss,168.6176,val acc,26.47,best val acc,32.353
